Metrics_ID,Campaign,Month & Yr,Website Speed (Mobile),Website Speed (Desktop),Website Speed,Leads,Rankings,Traffic,Engagement,Conversion
DCR-March-2023,DCR,3/15/2023,65%,65%,65%,35,0,1600,0:20,2.19
DCR-April-2023,DCR,4/15/2023,0%,0%,0%,69,0,3348,1:10,2.06
DVCSD-April-2023,DVCSD,4/15/2023,0%,0%,0%,42,0,517,0:41,8.12
LADC-April-2023,LADC,4/15/2023,0%,0%,0%,0,0,639,0:44,0.00
NWCR-April-2023,NWCR,4/15/2023,0%,0%,0%,76,0,1181,0:50,6.44
TR-April-2023,TR,4/15/2023,0%,0%,0%,9,0,507,1:34,1.78
LVCA-April-2023,LVCA,4/15/2023,0%,0%,0%,13,0,408,1:35,3.19
DaCA-April-2023,DaCA,4/15/2023,0%,0%,0%,8,0,276,0:58,2.90
DeCA-April-2023,DeCA,4/15/2023,0%,0%,0%,14,0,225,1:12,6.22
ICA-April-2023,ICA,4/15/2023,0%,0%,0%,5,0,220,1:05,2.27
MiCA-April-2023,MiCA,4/15/2023,0%,0%,0%,5,0,117,0:53,4.27
CLN-April-2023,CLN,4/15/2023,0%,0%,0%,0,0,0,0:00,0.00
AtCA-April-2023,AtCA,4/15/2023,0%,0%,0%,4,0,285,1:23,1.40
DCO-April-2023,DCO,4/15/2023,0%,0%,0%,23,0,893,1:06,2.58
OCDC-April-2023,OCDC,4/15/2023,0%,0%,0%,35,0,1083,0:42,3.23
SDDC-April-2023,SDDC,4/15/2023,0%,0%,0%,4,0,1462,0:52,0.27
HDC-April-2023,HDC,4/15/2023,0%,0%,0%,5,0,142,0:54,3.52
BC-April-2023,BC,4/15/2023,0%,0%,0%,0,0,440,1:12,0.00
CRLV-April-2023,CRLV,4/15/2023,0%,0%,0%,39,0,358,1:15,10.89
DCT-April-2023,DCT,4/15/2023,0%,0%,0%,16,0,480,0:56,3.33
DDC-April-2023,DDC,4/15/2023,0%,0%,0%,22,0,826,1:02,2.66
KCA-April-2023,KCA,4/15/2023,0%,0%,0%,4,0,231,1:22,1.73
MnCA-April-2023,MnCA,4/15/2023,0%,0%,0%,10,0,214,0:59,4.67
CCA-April-2023,CCA,4/15/2023,0%,0%,0%,24,0,250,1:42,9.60
SJCR-April-2023,SJCR,4/15/2023,0%,0%,0%,9,0,297,0:39,3.03
OrE-April-2023,OrE,4/15/2023,0%,0%,0%,0,0,60,1:46,0.00
PRLV-April-2023,PRLV,4/15/2023,0%,0%,0%,11,0,183,0:00,6.01
CRO-April-2023,CRO,4/15/2023,0%,0%,0%,0,0,29,3:45,0.00
AtCA-May-2023,AtCA,5/15/2023,0%,0%,0%,11,0,227,1:17,4.85
BC-May-2023,BC,5/15/2023,0%,0%,0%,0,0,388,1:09,0.00
TR-May-2023,TR,5/15/2023,0%,0%,0%,10,0,600,1:09,1.67
SDDC-May-2023,SDDC,5/15/2023,0%,0%,0%,29,0,2262,0:57,1.28
PRLV-May-2023,PRLV,5/15/2023,0%,0%,0%,7,0,0,0:00,0.00
HDC-May-2023,HDC,5/15/2023,0%,0%,0%,5,0,195,1:03,2.56
DCR-May-2023,DCR,5/15/2023,0%,0%,0%,89,0,4695,1:04,1.90
DDC-May-2023,DDC,5/15/2023,0%,0%,0%,29,0,1125,0:53,2.58
OrE-May-2023,OrE,5/15/2023,0%,0%,0%,1,0,48,0:42,2.08
ICA-May-2023,ICA,5/15/2023,0%,0%,0%,7,0,262,1:32,2.67
OCDC-May-2023,OCDC,5/15/2023,0%,0%,0%,19,0,1422,0:43,1.34
CCA-May-2023,CCA,5/15/2023,0%,0%,0%,39,0,402,1:16,9.70
MiCA-May-2023,MiCA,5/15/2023,0%,0%,0%,18,0,217,1:21,8.29
KCA-May-2023,KCA,5/15/2023,0%,0%,0%,5,0,240,1:13,2.08
DVCSD-May-2023,DVCSD,5/15/2023,0%,0%,0%,59,0,432,0:49,13.66
SJCR-May-2023,SJCR,5/15/2023,0%,0%,0%,10,0,303,0:53,3.30
CRO-May-2023,CRO,5/15/2023,0%,0%,0%,1,0,53,1:41,1.89
DaCA-May-2023,DaCA,5/15/2023,0%,0%,0%,4,0,551,0:43,0.73
CRLV-May-2023,CRLV,5/15/2023,0%,0%,0%,27,0,529,1:02,5.10
DCO-May-2023,DCO,5/15/2023,0%,0%,0%,25,0,1244,1:03,2.01
NWCR-May-2023,NWCR,5/15/2023,0%,0%,0%,88,0,1521,0:51,5.79
DeCA-May-2023,DeCA,5/15/2023,0%,0%,0%,21,0,304,1:29,6.91
CLN-May-2023,CLN,5/15/2023,0%,0%,0%,0,0,0,0:00,0.00
MnCA-May-2023,MnCA,5/15/2023,0%,0%,0%,16,0,162,1:13,9.88
LVCA-May-2023,LVCA,5/15/2023,0%,0%,0%,19,0,512,1:01,3.71
DCT-May-2023,DCT,5/15/2023,0%,0%,0%,15,0,487,0:56,3.08
LADC-May-2023,LADC,5/15/2023,0%,0%,0%,0,0,774,0:00,0.00
DCR-April-2024,DCR,4/15/2024,96%,100%,97%,132,44,3572,1:00,3.70
DVCSD-April-2024,DVCSD,4/15/2024,77%,92%,82%,15,66,505,0:52,2.97
LADC-April-2024,LADC,4/15/2024,85%,95%,89%,5,121,824,0:48,0.61
NWCR-April-2024,NWCR,4/15/2024,94%,66%,84%,27,120,938,0:53,2.88
TR-April-2024,TR,4/15/2024,66%,80%,71%,2,98,447,1:05,0.45
LVCA-April-2024,LVCA,4/15/2024,79%,85%,81%,22,73,497,1:15,4.43
DaCA-April-2024,DaCA,4/15/2024,83%,87%,84%,9,0,430,0:50,2.09
DeCA-April-2024,DeCA,4/15/2024,72%,87%,77%,24,126,388,1:05,6.19
ICA-April-2024,ICA,4/15/2024,71%,82%,75%,5,49,215,1:29,2.33
MiCA-April-2024,MiCA,4/15/2024,81%,76%,79%,20,88,333,1:03,6.01
CLN-April-2024,CLN,4/15/2024,64%,67%,65%,0,0,17,17:59,0.00
AtCA-April-2024,AtCA,4/15/2024,77%,84%,79%,4,73,198,1:30,2.02
DCO-April-2024,DCO,4/15/2024,81%,93%,85%,15,107,615,1:15,2.44
OCDC-April-2024,OCDC,4/15/2024,93%,68%,84%,7,87,707,0:55,0.99
SDDC-April-2024,SDDC,4/15/2024,82%,86%,83%,18,52,1108,0:58,1.62
HDC-April-2024,HDC,4/15/2024,76%,93%,82%,3,14,238,0:00,1.26
BC-April-2024,BC,4/15/2024,46%,74%,56%,1,49,201,1:35,0.50
CRLV-April-2024,CRLV,4/15/2024,50%,77%,59%,21,72,321,1:03,6.54
DCT-April-2024,DCT,4/15/2024,93%,97%,94%,10,29,392,0:01,2.55
DDC-April-2024,DDC,4/15/2024,52%,70%,58%,21,54,766,0:01,2.74
KCA-April-2024,KCA,4/15/2024,85%,92%,87%,2,27,197,1:14,1.02
MnCA-April-2024,MnCA,4/15/2024,75%,94%,82%,0,37,165,1:10,0.00
CCA-April-2024,CCA,4/15/2024,79%,87%,82%,21,170,362,1:16,5.80
SJCR-April-2024,SJCR,4/15/2024,69%,83%,74%,9,59,221,0:52,4.07
OrE-April-2024,OrE,4/15/2024,82%,95%,87%,0,6,0,0:00,0.00
PRLV-April-2024,PRLV,4/15/2024,74%,93%,81%,2,4,198,1:51,1.01
CRO-April-2024,CRO,4/15/2024,86%,65%,79%,2,0,72,1:12,2.78
AtCA-May-2024,AtCA,5/15/2024,81%,99%,87%,14,94,181,1:09,7.73
DeCA-May-2024,DeCA,5/15/2024,83%,95%,87%,26,131,297,0:59,8.75
CRO-May-2024,CRO,5/15/2024,79%,74%,77%,3,8,85,0:53,3.53
LVCA-May-2024,LVCA,5/15/2024,77%,96%,84%,23,70,421,1:12,5.46
CCA-May-2024,CCA,5/15/2024,78%,82%,79%,37,176,352,1:17,10.51
CLN-May-2024,CLN,5/15/2024,82%,82%,82%,7,1,71,3:11,9.86
TR-May-2024,TR,5/15/2024,80%,95%,85%,0,94,416,0:50,0.00
DaCA-May-2024,DaCA,5/15/2024,88%,97%,91%,7,2,398,0:47,1.76
SJCR-May-2024,SJCR,5/15/2024,77%,99%,85%,10,38,180,1:00,5.56
BC-May-2024,BC,5/15/2024,53%,92%,67%,7,39,124,1:54,5.65
DCR-May-2024,DCR,5/15/2024,93%,96%,94%,141,48,3073,1:03,4.59
OrE-May-2024,OrE,5/15/2024,76%,97%,83%,0,23,0,0:00,0.00
CRLV-May-2024,CRLV,5/15/2024,60%,95%,72%,26,71,293,1:16,8.87
DDC-May-2024,DDC,5/15/2024,84%,96%,88%,32,44,777,1:10,4.12
OCDC-May-2024,OCDC,5/15/2024,71%,77%,73%,25,91,630,0:53,3.97
DVCSD-May-2024,DVCSD,5/15/2024,83%,99%,89%,44,100,426,0:50,10.33
KCA-May-2024,KCA,5/15/2024,77%,90%,82%,16,29,202,1:29,7.92
MiCA-May-2024,MiCA,5/15/2024,87%,95%,90%,20,112,258,0:39,7.75
MnCA-May-2024,MnCA,5/15/2024,85%,98%,90%,8,29,141,1:18,5.67
LADC-May-2024,LADC,5/15/2024,80%,94%,85%,16,190,847,0:40,1.89
ICA-May-2024,ICA,5/15/2024,86%,99%,91%,30,73,219,1:21,13.70
DCT-May-2024,DCT,5/15/2024,83%,78%,81%,21,29,344,1:13,6.10
SDDC-May-2024,SDDC,5/15/2024,88%,96%,91%,0,48,1094,0:51,0.00
PRLV-May-2024,PRLV,5/15/2024,75%,97%,83%,14,2,225,2:03,6.22
DCO-May-2024,DCO,5/15/2024,90%,99%,93%,0,123,641,1:02,0.00
NWCR-May-2024,NWCR,5/15/2024,96%,91%,94%,31,150,849,0:56,3.65
HDC-May-2024,HDC,5/15/2024,83%,98%,88%,3,14,210,0:50,1.43
AtCA-June-2024,AtCA,6/25/2024,87%,95%,90%,16,49,134,0:57,11.94
BC-June-2024,BC,6/25/2024,82%,93%,86%,4,43,121,1:21,3.31
CCA-June-2024,CCA,6/25/2024,84%,98%,89%,10,181,302,1:25,3.31
CLN-June-2024,CLN,6/25/2024,84%,93%,87%,1,1,49,6:44,2.04
CRLV-June-2024,CRLV,6/25/2024,75%,85%,79%,33,64,211,1:21,15.64
CRO-June-2024,CRO,6/25/2024,82%,98%,88%,11,9,57,1:13,19.30
DaCA-June-2024,DaCA,6/25/2024,82%,98%,88%,11,1,297,1:00,3.70
DCO-June-2024,DCO,6/25/2024,92%,99%,94%,9,150,577,2:26,1.56
DCR-June-2024,DCR,6/25/2024,93%,97%,94%,151,45,2712,1:01,5.57
DCT-June-2024,DCT,6/25/2024,88%,93%,90%,10,28,286,0:56,3.50
DDC-June-2024,DDC,6/25/2024,81%,99%,87%,17,45,502,0:55,3.39
DeCA-June-2024,DeCA,6/25/2024,86%,94%,89%,9,131,265,1:03,3.40
DVCSD-June-2024,DVCSD,6/25/2024,83%,97%,88%,38,101,330,1:13,11.52
HDC-June-2024,HDC,6/25/2024,84%,97%,89%,10,17,195,1:18,5.13
ICA-June-2024,ICA,6/25/2024,85%,98%,90%,6,76,169,1:01,3.55
KCA-June-2024,KCA,6/25/2024,93%,92%,93%,3,29,170,1:09,1.76
LADC-June-2024,LADC,6/25/2024,80%,97%,86%,10,220,618,0:44,1.62
LVCA-June-2024,LVCA,6/25/2024,76%,98%,84%,15,67,403,1:10,3.72
MiCA-June-2024,MiCA,6/25/2024,82%,97%,87%,7,125,202,0:58,3.47
MnCA-June-2024,MnCA,6/25/2024,88%,96%,91%,7,38,120,1:15,5.83
NWCR-June-2024,NWCR,6/25/2024,94%,89%,92%,27,144,807,0:57,3.35
OCDC-June-2024,OCDC,6/25/2024,70%,94%,78%,29,82,492,0:57,5.89
OrE-June-2024,OrE,6/25/2024,80%,98%,86%,1,23,0,0:00,0.00
PRLV-June-2024,PRLV,6/25/2024,89%,99%,93%,8,2,205,1:56,3.90
SBH-June-2024,SBH,6/25/2024,71%,93%,79%,0,0,0,0:00,0.00
SDDC-June-2024,SDDC,6/25/2024,89%,97%,92%,10,43,971,0:58,1.03
SJCR-June-2024,SJCR,6/25/2024,86%,98%,90%,13,39,286,0:54,4.55
TR-June-2024,TR,6/25/2024,80%,97%,86%,10,105,366,1:06,2.73
TR-June-2023,TR,6/1/2023,0%,0%,0%,7,0,520,1:06,1.35
SJCR-June-2023,SJCR,6/1/2023,0%,0%,0%,6,0,251,0:59,2.39
SDDC-June-2023,SDDC,6/1/2023,0%,0%,0%,16,0,1942,0:51,0.82
PRLV-June-2023,PRLV,6/1/2023,0%,0%,0%,9,0,134,1:33,6.72
OrE-June-2023,OrE,6/1/2023,0%,0%,0%,0,0,59,0:00,0.00
OCDC-June-2023,OCDC,6/1/2023,0%,0%,0%,18,0,1005,0:43,1.79
NWCR-June-2023,NWCR,6/1/2023,0%,0%,0%,88,0,1226,0:53,7.18
MnCA-June-2023,MnCA,6/1/2023,0%,0%,0%,12,0,125,1:22,9.60
MiCA-June-2023,MiCA,6/1/2023,0%,0%,0%,13,0,183,0:57,7.10
LVCA-June-2023,LVCA,6/1/2023,0%,0%,0%,16,0,372,1:06,4.30
LADC-June-2023,LADC,6/1/2023,0%,0%,0%,0,0,667,0:38,0.00
KCA-June-2023,KCA,6/1/2023,0%,0%,0%,6,0,201,1:32,2.99
ICA-June-2023,ICA,6/1/2023,0%,0%,0%,14,0,185,0:57,7.57
HDC-June-2023,HDC,6/1/2023,0%,0%,0%,6,0,161,1:03,3.73
DVCSD-June-2023,DVCSD,6/1/2023,0%,0%,0%,78,0,395,1:07,19.75
DeCA-June-2023,DeCA,6/1/2023,0%,0%,0%,20,0,215,1:03,9.30
DDC-June-2023,DDC,6/1/2023,0%,0%,0%,19,0,538,0:55,3.53
DCT-June-2023,DCT,6/1/2023,0%,0%,0%,16,0,242,1:01,6.61
DCR-June-2023,DCR,6/1/2023,0%,0%,0%,76,0,4080,1:05,1.86
DCO-June-2023,DCO,6/1/2023,0%,0%,0%,21,0,1812,1:00,1.16
DaCA-June-2023,DaCA,6/1/2023,0%,0%,0%,11,0,372,0:39,2.96
CRO-June-2023,CRO,6/1/2023,0%,0%,0%,0,0,55,2:07,0.00
CRLV-June-2023,CRLV,6/1/2023,0%,0%,0%,29,0,318,1:20,9.12
CLN-June-2023,CLN,6/1/2023,0%,0%,0%,0,0,0,0:00,0.00
CCA-June-2023,CCA,6/1/2023,0%,0%,0%,25,0,334,1:06,7.49
BC-June-2023,BC,6/1/2023,0%,0%,0%,0,0,322,0:51,0.00
AtCA-June-2023,AtCA,6/1/2023,0%,0%,0%,21,0,194,1:16,10.82
AtCA-July-2024,AtCA,7/24/2024,78%,93%,83%,14,54,148,1:19,9.46
BC-July-2024,BC,7/24/2024,83%,93%,87%,4,26,84,1:46,4.76
CCA-July-2024,CCA,7/24/2024,75%,98%,83%,32,177,314,1:33,10.19
CLN-July-2024,CLN,7/24/2024,84%,5%,56%,0,0,40,,0.00
CRLV-July-2024,CRLV,7/24/2024,86%,87%,86%,33,67,196,1:43,16.84
CRO-July-2024,CRO,7/24/2024,83%,94%,87%,1,12,90,1:04,1.11
DaCA-July-2024,DaCA,7/24/2024,86%,97%,90%,8,3,224,0:39,3.57
DCO-July-2024,DCO,7/24/2024,99%,100%,99%,16,151,545,2:26,2.94
DCR-July-2024,DCR,7/24/2024,93%,97%,94%,78,45,2985,1:14,2.61
DCT-July-2024,DCT,7/24/2024,84%,92%,87%,16,39,370,1:10,4.32
DDC-July-2024,DDC,7/24/2024,94%,94%,94%,26,49,607,1:03,4.28
DeCA-July-2024,DeCA,7/24/2024,75%,93%,81%,16,123,241,0:52,6.64
DVCSD-July-2024,DVCSD,7/24/2024,78%,97%,85%,62,135,437,2:35,14.19
HDC-July-2024,HDC,7/24/2024,86%,98%,90%,9,16,167,0:54,5.39
ICA-July-2024,ICA,7/24/2024,83%,99%,89%,23,80,197,1:14,11.68
KCA-July-2024,KCA,7/24/2024,94%,97%,95%,18,35,162,1:08,11.11
LADC-July-2024,LADC,7/24/2024,81%,96%,86%,26,233,627,0:37,4.15
LVCA-July-2024,LVCA,7/24/2024,87%,98%,91%,21,62,348,1:09,6.03
MiCA-July-2024,MiCA,7/24/2024,85%,95%,89%,15,109,221,0:47,6.79
MnCA-July-2024,MnCA,7/24/2024,83%,97%,88%,5,41,126,1:14,3.97
NWCR-July-2024,NWCR,7/24/2024,96%,89%,94%,44,175,993,0:45,4.43
OCDC-July-2024,OCDC,7/24/2024,93%,78%,88%,21,72,524,0:58,4.01
OrE-July-2024,OrE,7/24/2024,91%,92%,91%,1,17,50,1:05,2.00
PRLV-July-2024,PRLV,7/24/2024,90%,98%,93%,16,2,160,1:59,10.00
SBH-July-2024,SBH,7/24/2024,59%,66%,61%,0,0,0,0:00,0.00
SDDC-July-2024,SDDC,7/24/2024,76%,86%,80%,23,47,1131,2:25,2.03
SJCR-July-2024,SJCR,7/24/2024,84%,97%,89%,13,44,180,0:45,7.22
TR-July-2024,TR,7/24/2024,77%,89%,81%,17,113,498,1:04,3.41
AtCA-July-2023,AtCA,7/24/2023,0%,0%,0%,18,0,207,1:04,8.70
BC-July-2023,BC,7/24/2023,0%,0%,0%,0,0,321,1:00,0.00
CCA-July-2023,CCA,7/24/2023,0%,0%,0%,26,0,313,1:16,8.31
CLN-July-2023,CLN,7/24/2023,0%,0%,0%,0,0,0,0:00,0.00
CRLV-July-2023,CRLV,7/24/2023,0%,0%,0%,19,0,313,1:05,6.07
CRO-July-2023,CRO,7/24/2023,0%,0%,0%,3,0,25,1:26,12.00
DaCA-July-2023,DaCA,7/24/2023,0%,0%,0%,5,0,332,0:43,1.51
DCO-July-2023,DCO,7/24/2023,0%,0%,0%,28,0,862,1:20,3.25
DCR-July-2023,DCR,7/24/2023,0%,0%,0%,42,0,3260,1:06,1.29
DCT-July-2023,DCT,7/24/2023,0%,0%,0%,19,0,413,1:06,4.60
DDC-July-2023,DDC,7/24/2023,0%,0%,0%,26,0,798,0:55,3.26
DeCA-July-2023,DeCA,7/24/2023,0%,0%,0%,15,0,242,1:23,6.20
DVCSD-July-2023,DVCSD,7/24/2023,0%,0%,0%,81,0,426,2:45,19.01
HDC-July-2023,HDC,7/24/2023,0%,0%,0%,4,0,182,0:51,2.20
ICA-July-2023,ICA,7/24/2023,0%,0%,0%,6,0,202,1:12,2.97
KCA-July-2023,KCA,7/24/2023,0%,0%,0%,13,0,194,1:23,6.70
LADC-July-2023,LADC,7/24/2023,0%,0%,0%,0,0,723,0:38,0.00
LVCA-July-2023,LVCA,7/24/2023,0%,0%,0%,14,0,373,1:15,3.75
MiCA-July-2023,MiCA,7/24/2023,0%,0%,0%,9,0,219,0:57,4.11
MnCA-July-2023,MnCA,7/24/2023,0%,0%,0%,5,0,126,1:14,3.97
NWCR-July-2023,NWCR,7/24/2023,0%,0%,0%,109,0,1211,0:52,9.00
OCDC-July-2023,OCDC,7/24/2023,0%,0%,0%,19,0,760,0:49,2.50
OrE-July-2023,OrE,7/24/2023,0%,0%,0%,1,0,14,0:43,7.14
PRLV-July-2023,PRLV,7/24/2023,0%,0%,0%,10,0,194,1:22,5.15
SBH-July-2023,SBH,7/24/2023,0%,0%,0%,0,0,0,0:00,0.00
SDDC-July-2023,SDDC,7/24/2023,0%,0%,0%,18,0,1906,1:00,0.94
SJCR-July-2023,SJCR,7/24/2023,0%,0%,0%,15,0,245,1:07,6.12
TR-July-2023,TR,7/24/2023,0%,0%,0%,9,0,461,1:02,1.95
AtCA-August-2023,AtCA,8/28/2023,0%,0%,0%,14,0,183,1:31,7.65
BC-August-2023,BC,8/28/2023,0%,0%,0%,0,0,288,0:48,0.00
CCA-August-2023,CCA,8/28/2023,0%,0%,0%,17,0,303,1:11,5.61
CLN-August-2023,CLN,8/28/2023,0%,0%,0%,0,0,0,0:00,0.00
CRLV-August-2023,CRLV,8/28/2023,0%,0%,0%,21,0,323,0:48,6.50
CRO-August-2023,CRO,8/28/2023,0%,0%,0%,1,0,65,2:15,1.54
DaCA-August-2023,DaCA,8/28/2023,0%,0%,0%,13,0,330,0:50,3.94
DCO-August-2023,DCO,8/28/2023,0%,0%,0%,17,0,748,1:49,2.27
DCR-August-2023,DCR,8/28/2023,0%,0%,0%,32,0,2934,1:19,1.09
DCT-August-2023,DCT,8/28/2023,0%,0%,0%,9,0,415,0:53,2.17
DDC-August-2023,DDC,8/28/2023,0%,0%,0%,12,0,811,0:57,1.48
DeCA-August-2023,DeCA,8/28/2023,0%,0%,0%,17,0,253,1:25,6.72
DVCSD-August-2023,DVCSD,8/28/2023,0%,0%,0%,94,0,741,5:40,12.69
ICA-August-2023,ICA,8/28/2023,0%,0%,0%,18,0,187,1:25,9.63
KCA-August-2023,KCA,8/28/2023,0%,0%,0%,12,0,221,1:25,5.43
LADC-August-2023,LADC,8/28/2023,0%,0%,0%,0,0,721,0:37,0.00
LVCA-August-2023,LVCA,8/28/2023,0%,0%,0%,12,0,382,1:12,3.14
MiCA-August-2023,MiCA,8/28/2023,0%,0%,0%,14,0,258,1:04,5.43
MnCA-August-2023,MnCA,8/28/2023,0%,0%,0%,7,0,147,1:34,4.76
NWCR-August-2023,NWCR,8/28/2023,0%,0%,0%,132,0,1145,0:57,11.53
OCDC-August-2023,OCDC,8/28/2023,0%,0%,0%,16,0,706,0:45,2.27
OrE-August-2023,OrE,8/28/2023,0%,0%,0%,1,0,75,0:53,1.33
PRLV-August-2023,PRLV,8/28/2023,0%,0%,0%,3,0,183,1:38,1.64
SBH-August-2023,SBH,8/28/2023,0%,0%,0%,0,0,0,0:00,0.00
SDDC-August-2023,SDDC,8/28/2023,0%,0%,0%,22,0,1120,0:57,1.96
SJCR-August-2023,SJCR,8/28/2023,0%,0%,0%,2,0,168,0:54,1.19
TR-August-2023,TR,8/28/2023,0%,0%,0%,13,0,463,1:11,2.81
AtCA-August-2024,AtCA,8/28/2024,79%,96%,85%,14,57,133,1:06,10.53
BC-August-2024,BC,8/28/2024,82%,98%,88%,1,48,87,1:03,1.15
CCA-August-2024,CCA,8/28/2024,83%,99%,89%,21,200,284,1:09,7.39
CLN-August-2024,CLN,8/28/2024,87%,95%,90%,0,6,39,5:03,0.00
CRLV-August-2024,CRLV,8/28/2024,82%,83%,82%,26,69,170,1:27,15.29
CRO-August-2024,CRO,8/28/2024,85%,96%,89%,9,8,80,0:57,11.25
DaCA-August-2024,DaCA,8/28/2024,82%,97%,87%,8,2,265,0:37,3.02
DCO-August-2024,DCO,8/28/2024,96%,99%,97%,10,156,392,1:11,2.55
DCR-August-2024,DCR,8/28/2024,93%,96%,94%,79,48,2568,1:23,3.08
DCT-August-2024,DCT,8/28/2024,81%,87%,83%,18,34,361,1:05,4.99
DDC-August-2024,DDC,8/28/2024,82%,97%,87%,21,47,644,0:55,3.26
DeCA-August-2024,DeCA,8/28/2024,85%,93%,88%,28,153,253,1:01,11.07
DVCSD-August-2024,DVCSD,8/28/2024,80%,95%,85%,57,116,518,3:41,11.00
ICA-August-2024,ICA,8/28/2024,84%,95%,88%,21,84,182,1:12,11.54
KCA-August-2024,KCA,8/28/2024,86%,97%,90%,29,28,224,1:05,12.95
LADC-August-2024,LADC,8/28/2024,81%,96%,86%,13,255,588,0:45,2.21
LVCA-August-2024,LVCA,8/28/2024,86%,96%,90%,11,49,346,0:51,3.18
MiCA-August-2024,MiCA,8/28/2024,80%,98%,86%,17,120,298,0:52,5.70
MnCA-August-2024,MnCA,8/28/2024,83%,99%,89%,9,30,117,0:54,7.69
NWCR-August-2024,NWCR,8/28/2024,96%,89%,94%,52,189,942,0:47,5.52
OCDC-August-2024,OCDC,8/28/2024,69%,77%,72%,21,75,481,0:42,4.37
OrE-August-2024,OrE,8/28/2024,89%,94%,91%,0,22,48,0:20,0.00
PRLV-August-2024,PRLV,8/28/2024,85%,97%,89%,28,7,195,1:51,14.36
SBH-August-2024,SBH,8/28/2024,60%,67%,62%,0,0,10,1:38,0.00
SDDC-August-2024,SDDC,8/28/2024,73%,80%,75%,19,45,856,0:54,2.22
SJCR-August-2024,SJCR,8/28/2024,90%,0%,59%,9,47,136,0:29,6.62
TR-August-2024,TR,8/28/2024,87%,96%,90%,9,111,422,0:50,2.13
HDC-August-2024,HDC,8/28/2024,85%,97%,89%,11,15,191,0:52,5.76
HDC-August-2023,HDC,8/28/2023,0%,0%,0%,3,0,167,1:12,1.80
AtCA-September-2024,AtCA,9/25/2024,90%,95%,92%,18,57,206,1:15,8.74
AtCA-September-2023,AtCA,9/25/2023,0%,0%,0%,7,0,151,1:13,4.64
BC-September-2024,BC,9/25/2024,86%,95%,89%,3,42,107,2:58,2.80
BC-September-2023,BC,9/25/2023,0%,0%,0%,0,0,265,0:48,0.00
CCA-September-2024,CCA,9/1/2024,86%,97%,90%,30,200,312,1:27,9.62
CCA-September-2023,CCA,9/1/2023,0%,0%,0%,17,0,291,1:27,5.84
CLN-September-2024,CLN,9/25/2024,81%,93%,85%,1,2,209,5:54,0.48
CLN-September-2023,CLN,9/25/2023,0%,0%,0%,0,0,0,0:00,0.00
CRLV-September-2024,CRLV,9/25/2024,85%,83%,84%,17,66,162,1:41,10.49
CRLV-September-2023,CRLV,9/25/2023,0%,0%,0%,18,0,355,1:14,5.07
CRO-September-2024,CRO,9/25/2024,89%,94%,91%,7,17,71,1:24,9.86
CRO-September-2023,CRO,9/25/2023,0%,0%,0%,2,0,68,1:58,2.94
DaCA-September-2024,DaCA,9/25/2024,91%,95%,92%,13,3,258,1:22,5.04
DaCA-September-2023,DaCA,9/1/2023,0%,0%,0%,9,0,373,0:52,2.41
DCO-September-2024,DCO,9/25/2024,95%,98%,96%,21,171,391,1:10,5.37
DCO-September-2023,DCO,9/25/2023,0%,0%,0%,15,0,740,1:05,2.03
DCR-September-2024,DCR,9/25/2024,96%,98%,97%,85,46,2290,1:08,3.71
DCR-September-2023,DCR,9/25/2023,0%,0%,0%,44,0,3444,1:07,1.28
DCT-September-2024,DCT,9/25/2024,88%,93%,90%,21,35,339,0:58,6.19
DCT-September-2023,DCT,9/25/2023,0%,0%,0%,8,0,384,0:59,2.08
DDC-September-2024,DDC,9/25/2024,85%,97%,89%,15,44,498,0:56,3.01
DDC-September-2023,DDC,9/25/2023,0%,0%,0%,12,0,730,1:02,1.64
DeCA-September-2024,DeCA,9/25/2024,90%,93%,91%,26,156,329,0:59,7.90
DeCA-September-2023,DeCA,9/25/2023,0%,0%,0%,12,0,287,1:17,4.18
DVCSD-September-2024,DVCSD,9/25/2024,87%,97%,91%,68,111,386,4:00,17.62
DVCSD-September-2023,DVCSD,9/25/2023,0%,0%,0%,91,0,365,0:58,24.93
HDC-September-2024,HDC,9/25/2024,78%,96%,84%,5,12,209,0:55,2.39
HDC-September-2023,HDC,9/25/2023,0%,0%,0%,9,0,184,0:51,4.89
ICA-September-2024,ICA,9/25/2024,87%,98%,91%,18,84,153,0:58,11.76
ICA-September-2023,ICA,9/25/2023,0%,0%,0%,13,0,156,1:14,8.33
KCA-September-2024,KCA,9/25/2024,94%,97%,95%,14,34,174,0:57,8.05
KCA-September-2023,KCA,9/25/2023,0%,0%,0%,9,0,222,1:20,4.05
LADC-September-2024,LADC,9/25/2024,86%,95%,89%,36,284,670,0:39,5.37
LADC-September-2023,LADC,9/25/2023,0%,0%,0%,0,0,731,0:34,0.00
LVCA-September-2024,LVCA,9/25/2024,92%,98%,94%,17,43,298,1:18,5.70
LVCA-September-2023,LVCA,9/25/2023,0%,0%,0%,9,0,375,1:16,2.40
MiCA-September-2024,MiCA,9/25/2024,87%,93%,89%,21,128,279,0:48,7.53
MiCA-September-2023,MiCA,9/25/2023,0%,0%,0%,17,0,374,1:07,4.55
MnCA-September-2024,MnCA,9/25/2024,91%,98%,93%,11,23,114,1:00,9.65
MnCA-September-2023,MnCA,9/25/2023,0%,0%,0%,6,0,118,0:37,5.08
NWCR-September-2024,NWCR,9/25/2024,96%,95%,96%,80,237,1182,0:42,6.77
NWCR-September-2023,NWCR,9/25/2023,0%,0%,0%,120,0,1230,0:49,9.76
OCDC-September-2024,OCDC,9/25/2024,78%,87%,81%,16,87,339,0:49,4.72
OCDC-September-2023,OCDC,9/25/2023,0%,0%,0%,10,0,668,0:48,1.50
OrE-September-2024,OrE,9/25/2024,92%,98%,94%,0,30,49,1:42,0.00
OrE-September-2023,OrE,9/25/2023,0%,0%,0%,2,0,61,0:45,3.28
PRLV-September-2024,PRLV,9/25/2024,75%,95%,82%,20,4,196,2:22,10.20
PRLV-September-2023,PRLV,9/25/2023,0%,0%,0%,8,0,158,1:44,5.06
SBH-September-2024,SBH,9/25/2024,61%,66%,63%,0,0,25,3:04,0.00
SBH-September-2023,SBH,9/25/2023,0%,0%,0%,0,0,0,0:00,0.00
SDDC-September-2024,SDDC,9/25/2024,66%,72%,68%,21,39,754,0:56,2.79
SDDC-September-2023,SDDC,9/25/2023,0%,0%,0%,14,0,1129,1:22,1.24
SJCR-September-2024,SJCR,9/25/2024,90%,100%,94%,6,49,167,0:39,3.59
SJCR-September-2023,SJCR,9/25/2023,0%,0%,0%,6,0,147,0:59,4.08
TR-September-2024,TR,9/25/2024,84%,92%,87%,10,100,413,0:57,2.42
TR-September-2023,TR,9/25/2023,0%,0%,0%,9,0,472,0:59,1.91
AtCA-October-2024,AtCA,10/24/2024,85%,99%,90%,23,47,215,1:14,10.70
BC-October-2024,BC,10/24/2024,82%,97%,87%,4,42,127,1:33,3.15
CCA-October-2024,CCA,10/24/2024,80%,98%,86%,26,1,298,1:13,8.72
CLN-October-2024,CLN,10/24/2024,83%,93%,87%,4,37,163,2:51,2.45
CRLV-October-2024,CRLV,10/24/2024,86%,84%,85%,23,75,223,1:37,10.31
CRO-October-2024,CRO,10/24/2024,89%,99%,93%,3,6,98,2:14,3.06
DaCA-October-2024,DaCA,10/24/2024,80%,97%,86%,11,3,238,0:51,4.62
DCO-October-2024,DCO,10/24/2024,92%,99%,94%,8,155,363,1:26,2.20
DCR-October-2024,DCR,10/24/2024,93%,95%,94%,66,46,1867,0:54,3.54
DCT-October-2024,DCT,10/24/2024,86%,92%,88%,28,26,436,1:48,6.42
DDC-October-2024,DDC,10/24/2024,83%,97%,88%,15,43,497,1:23,3.02
DeCA-October-2024,DeCA,10/24/2024,85%,95%,89%,21,159,316,1:50,6.65
DVCSD-October-2024,DVCSD,10/24/2024,92%,98%,94%,53,129,371,0:49,14.29
HDC-October-2024,HDC,10/24/2024,81%,93%,85%,13,10,225,1:35,5.78
ICA-October-2024,ICA,10/24/2024,80%,99%,87%,12,88,190,1:01,6.32
KCA-October-2024,KCA,10/24/2024,92%,95%,93%,17,26,202,1:45,8.42
LADC-October-2024,LADC,10/24/2024,82%,93%,86%,29,255,789,0:41,3.68
LVCA-October-2024,LVCA,10/24/2024,84%,99%,89%,18,41,334,1:14,5.39
MiCA-October-2024,MiCA,10/24/2024,80%,98%,86%,19,113,388,0:59,4.90
MnCA-October-2024,MnCA,10/24/2024,91%,98%,93%,10,16,149,1:24,6.71
NWCR-October-2024,NWCR,10/24/2024,94%,91%,93%,52,207,878,0:51,5.92
OCDC-October-2024,OCDC,10/24/2024,94%,95%,94%,14,72,430,0:57,3.26
OrE-October-2024,OrE,10/24/2024,90%,98%,93%,0,23,75,1:01,0.00
PRLV-October-2024,PRLV,10/24/2024,90%,98%,93%,19,3,254,2:18,7.48
SBH-October-2024,SBH,10/24/2024,86%,94%,89%,0,0,47,1:41,0.00
SDDC-October-2024,SDDC,10/24/2024,91%,95%,92%,9,40,687,0:50,1.31
SJCR-October-2024,SJCR,10/24/2024,90%,100%,94%,12,50,109,1:03,11.01
TR-October-2024,TR,10/24/2024,83%,93%,87%,7,107,347,0:50,2.02
AtCA-October-2023,AtCA,10/24/2023,0%,0%,0%,18,0,162,0:55,11.11
BC-October-2023,BC,10/24/2023,0%,0%,0%,0,0,262,1:02,0.00
CCA-October-2023,CCA,10/24/2023,0%,0%,0%,15,0,247,1:14,6.07
CLN-October-2023,CLN,10/24/2023,0%,0%,0%,0,0,0,0:00,0.00
CRLV-October-2023,CRLV,10/24/2023,0%,0%,0%,21,0,370,1:07,5.68
CRO-October-2023,CRO,10/24/2023,0%,0%,0%,0,0,48,1:50,0.00
DaCA-October-2023,DaCA,10/24/2023,0%,0%,0%,11,0,308,0:56,3.57
DCO-October-2023,DCO,10/24/2023,0%,0%,0%,12,0,758,1:58,1.58
DCR-October-2023,DCR,10/24/2023,0%,0%,0%,38,0,2756,1:14,1.38
DCT-October-2023,DCT,10/24/2023,0%,0%,0%,10,0,342,1:08,2.92
DDC-October-2023,DDC,10/24/2023,0%,0%,0%,7,0,645,0:55,1.09
DeCA-October-2023,DeCA,10/24/2023,0%,0%,0%,13,0,214,1:01,6.07
DVCSD-October-2023,DVCSD,10/24/2023,0%,0%,0%,61,0,585,2:46,10.43
HDC-October-2023,HDC,10/24/2023,0%,0%,0%,5,0,144,1:06,3.47
ICA-October-2023,ICA,10/24/2023,0%,0%,0%,8,0,129,1:32,6.20
KCA-October-2023,KCA,10/24/2023,0%,0%,0%,7,0,166,1:19,4.22
LADC-October-2023,LADC,10/24/2023,0%,0%,0%,0,0,631,0:56,0.00
LVCA-October-2023,LVCA,10/24/2023,0%,0%,0%,7,0,357,1:02,1.96
MiCA-October-2023,MiCA,10/24/2023,0%,0%,0%,18,0,322,1:10,5.59
MnCA-October-2023,MnCA,10/24/2023,0%,0%,0%,5,0,102,1:19,4.90
NWCR-October-2023,NWCR,10/24/2023,0%,0%,0%,79,0,949,1:00,8.32
OCDC-October-2023,OCDC,10/24/2023,0%,0%,0%,11,0,697,0:49,1.58
OrE-October-2023,OrE,10/24/2023,0%,0%,0%,1,0,40,0:40,2.50
PRLV-October-2023,PRLV,10/24/2023,0%,0%,0%,6,0,159,1:42,3.77
SBH-October-2023,SBH,10/24/2023,0%,0%,0%,0,0,0,0:00,0.00
SDDC-October-2023,SDDC,10/24/2023,0%,0%,0%,9,0,1089,1:36,0.83
SJCR-October-2023,SJCR,10/24/2023,0%,0%,0%,0,0,151,0:38,0.00
TR-October-2023,TR,10/24/2023,0%,0%,0%,1,0,435,0:01,0.23
AtCA-November-2023,AtCA,11/22/2023,0%,0%,0%,5,0,201,0:53,2.49
BC-November-2023,BC,11/22/2023,0%,0%,0%,0,0,186,0:39,0.00
CCA-November-2023,CCA,11/22/2023,0%,0%,0%,16,0,189,1:35,8.47
CLN-November-2023,CLN,11/22/2023,0%,0%,0%,0,0,0,0:00,0.00
CRLV-November-2023,CRLV,11/22/2023,0%,0%,0%,18,0,238,1:20,7.56
CRO-November-2023,CRO,11/22/2023,0%,0%,0%,3,0,92,1:41,3.26
DaCA-November-2023,DaCA,11/22/2023,0%,0%,0%,9,0,215,0:55,4.19
DCO-November-2023,DCO,11/22/2023,0%,0%,0%,14,0,498,2:55,2.81
DCR-November-2023,DCR,11/22/2023,0%,0%,0%,29,0,1956,0:51,1.48
DCT-November-2023,DCT,11/22/2023,0%,0%,0%,9,0,358,1:07,2.51
DDC-November-2023,DDC,11/22/2023,0%,0%,0%,11,0,465,0:47,2.37
DeCA-November-2023,DeCA,11/22/2023,0%,0%,0%,2,0,224,0:32,0.89
DVCSD-November-2023,DVCSD,11/22/2023,0%,0%,0%,66,0,390,0:55,16.92
HDC-November-2023,HDC,11/22/2023,0%,0%,0%,4,0,171,1:12,2.34
ICA-November-2023,ICA,11/22/2023,0%,0%,0%,6,0,139,1:11,4.32
KCA-November-2023,KCA,11/22/2023,0%,0%,0%,5,0,126,0:51,3.97
LADC-November-2023,LADC,11/22/2023,0%,0%,0%,0,0,594,0:36,0.00
LVCA-November-2023,LVCA,11/22/2023,0%,0%,0%,6,0,317,1:21,1.89
MiCA-November-2023,MiCA,11/22/2023,0%,0%,0%,9,0,303,0:49,2.97
MnCA-November-2023,MnCA,11/22/2023,0%,0%,0%,4,0,116,0:39,3.45
NWCR-November-2023,NWCR,11/22/2023,0%,0%,0%,74,0,842,0:58,8.79
OCDC-November-2023,OCDC,11/22/2023,0%,0%,0%,9,0,503,0:51,1.79
OrE-November-2023,OrE,11/22/2023,0%,0%,0%,0,0,52,0:42,0.00
PRLV-November-2023,PRLV,11/22/2023,0%,0%,0%,7,0,163,1:18,4.29
SBH-November-2023,SBH,11/22/2023,0%,0%,0%,0,0,0,0:00,0.00
SDDC-November-2023,SDDC,11/22/2023,0%,0%,0%,10,0,768,0:54,1.30
SJCR-November-2023,SJCR,11/22/2023,0%,0%,0%,5,0,134,0:46,3.73
TR-November-2023,TR,11/22/2023,0%,0%,0%,0,0,386,0:54,0.00
AtCA-November-2024,AtCA,11/22/2024,89%,99%,93%,8,54,239,1:52,3.35
BC-November-2024,BC,11/22/2024,82%,98%,88%,3,46,135,3:44,2.22
CCA-November-2024,CCA,11/22/2024,81%,99%,87%,18,190,334,1:28,5.39
CLN-November-2024,CLN,11/22/2024,85%,95%,89%,4,40,137,9:02,2.92
CRLV-November-2024,CRLV,11/22/2024,92%,96%,93%,17,76,218,2:17,7.80
CRO-November-2024,CRO,11/22/2024,88%,99%,92%,1,3,135,1:26,0.74
DaCA-November-2024,DaCA,11/22/2024,83%,98%,88%,8,2,256,1:33,3.13
DCO-November-2024,DCO,11/22/2024,97%,98%,97%,11,164,399,1:44,2.76
DCR-November-2024,DCR,11/22/2024,93%,96%,94%,42,47,1682,1:02,2.50
DCT-November-2024,DCT,11/22/2024,88%,92%,89%,29,27,427,1:24,6.79
DDC-November-2024,DDC,11/22/2024,83%,98%,88%,25,47,592,1:05,4.22
DeCA-November-2024,DeCA,11/22/2024,90%,90%,90%,14,159,337,1:12,4.15
DVCSD-November-2024,DVCSD,11/22/2024,92%,97%,94%,68,128,375,1:05,18.13
HDC-November-2024,HDC,11/22/2024,83%,96%,88%,5,11,221,1:13,2.26
ICA-November-2024,ICA,11/22/2024,82%,99%,88%,9,86,212,1:24,4.25
KCA-November-2024,KCA,11/22/2024,80%,98%,86%,7,29,186,1:10,3.76
LADC-November-2024,LADC,11/22/2024,93%,98%,95%,20,262,614,1:10,3.26
LVCA-November-2024,LVCA,11/22/2024,85%,98%,90%,10,42,329,1:19,3.04
MiCA-November-2024,MiCA,11/22/2024,84%,94%,88%,18,108,431,0:55,4.18
MnCA-November-2024,MnCA,11/22/2024,88%,98%,92%,2,24,159,2:10,1.26
NWCR-November-2024,NWCR,11/22/2024,91%,93%,92%,73,224,840,0:48,8.69
OCDC-November-2024,OCDC,11/22/2024,95%,98%,96%,9,87,461,0:57,1.95
OrE-November-2024,OrE,11/22/2024,92%,98%,94%,2,32,115,0:41,1.74
PRLV-November-2024,PRLV,11/22/2024,88%,99%,92%,16,5,219,1:36,7.31
SBH-November-2024,SBH,11/22/2024,82%,94%,86%,0,2,119,1:40,0.00
SDDC-November-2024,SDDC,11/22/2024,92%,95%,93%,16,40,801,3:36,2.00
SJCR-November-2024,SJCR,11/22/2024,84%,99%,89%,7,58,212,0:57,3.30
TR-November-2024,TR,11/22/2024,86%,91%,88%,4,104,344,1:02,1.16
AtCA-December-2023,AtCA,12/1/2023,0%,0%,0%,4,0,144,1:09,2.78
BC-December-2023,BC,12/1/2023,0%,0%,0%,0,0,172,0:43,0.00
CCA-December-2023,CCA,12/1/2023,0%,0%,0%,6,0,165,1:02,3.64
CLN-December-2023,CLN,12/1/2023,0%,0%,0%,0,0,0,0:00,0.00
CRLV-December-2023,CRLV,12/1/2023,0%,0%,0%,15,0,196,0:40,7.65
CRO-December-2023,CRO,12/1/2023,0%,0%,0%,0,0,74,1:00,0.00
DaCA-December-2023,DaCA,12/1/2023,0%,0%,0%,3,0,167,0:46,1.80
DCO-December-2023,DCO,12/1/2023,0%,0%,0%,10,0,325,1:05,3.08
DCR-December-2023,DCR,12/1/2023,0%,0%,0%,17,0,1298,1:10,1.31
DCT-December-2023,DCT,12/1/2023,0%,0%,0%,16,0,238,1:28,6.72
DDC-December-2023,DDC,12/1/2023,0%,0%,0%,5,0,351,0:53,1.42
DeCA-December-2023,DeCA,12/1/2023,0%,0%,0%,3,0,169,0:58,1.78
DVCSD-December-2023,DVCSD,12/1/2023,0%,0%,0%,15,0,367,2:33,4.09
HDC-December-2023,HDC,12/1/2023,0%,0%,0%,2,0,124,1:19,1.61
ICA-December-2023,ICA,12/1/2023,0%,0%,0%,6,0,97,0:41,6.19
KCA-December-2023,KCA,12/1/2023,0%,0%,0%,6,0,159,1:03,3.77
LADC-December-2023,LADC,12/1/2023,0%,0%,0%,0,0,405,0:37,0.00
LVCA-December-2023,LVCA,12/1/2023,0%,0%,0%,6,0,244,1:02,2.46
MiCA-December-2023,MiCA,12/1/2023,0%,0%,0%,8,0,183,0:54,4.37
MnCA-December-2023,MnCA,12/1/2023,0%,0%,0%,0,0,92,1:12,0.00
NWCR-December-2023,NWCR,12/1/2023,0%,0%,0%,16,0,567,0:52,2.82
OCDC-December-2023,OCDC,12/1/2023,0%,0%,0%,2,0,372,0:56,0.54
OrE-December-2023,OrE,12/1/2023,0%,0%,0%,0,0,54,1:44,0.00
PRLV-December-2023,PRLV,12/1/2023,0%,0%,0%,7,0,105,2:02,6.67
SBH-December-2023,SBH,12/1/2023,0%,0%,0%,0,0,0,0:00,0.00
SDDC-December-2023,SDDC,12/1/2023,0%,0%,0%,12,0,506,2:04,2.37
SJCR-December-2023,SJCR,12/1/2023,0%,0%,0%,5,0,122,0:36,4.10
TR-December-2023,TR,12/1/2023,0%,0%,0%,1,0,243,0:31,0.41
AtCA-December-2024,AtCA,12/1/2024,95%,97%,96%,5,45,177,1:37,2.82
BC-December-2024,BC,12/1/2024,78%,93%,83%,3,43,107,2:38,2.80
CCA-December-2024,CCA,12/1/2024,73%,76%,74%,10,192,241,1:51,4.15
CLN-December-2024,CLN,12/1/2024,85%,93%,88%,1,41,118,4:54,0.85
CRLV-December-2024,CRLV,12/1/2024,71%,83%,75%,7,70,205,1:57,3.41
CRO-December-2024,CRO,12/1/2024,95%,92%,94%,0,12,80,2:06,0.00
DaCA-December-2024,DaCA,12/1/2024,95%,94%,95%,4,2,226,0:58,1.77
DCO-December-2024,DCO,12/1/2024,99%,98%,99%,8,162,354,5:34,2.26
DCR-December-2024,DCR,12/1/2024,93%,96%,94%,34,49,1267,1:12,2.68
DCT-December-2024,DCT,12/1/2024,81%,92%,85%,8,36,345,1:05,2.32
DDC-December-2024,DDC,12/1/2024,90%,98%,93%,19,45,508,0:56,3.74
DeCA-December-2024,DeCA,12/1/2024,91%,95%,92%,4,155,243,1:09,1.65
DVCSD-December-2024,DVCSD,12/1/2024,87%,97%,91%,22,62,379,4:19,5.80
HDC-December-2024,HDC,12/1/2024,88%,98%,92%,0,9,171,1:07,0.00
ICA-December-2024,ICA,12/1/2024,86%,97%,90%,8,69,142,1:08,5.63
KCA-December-2024,KCA,12/1/2024,95%,95%,95%,3,24,162,1:05,1.85
LADC-December-2024,LADC,12/1/2024,84%,94%,88%,8,257,420,0:43,1.90
LVCA-December-2024,LVCA,12/1/2024,92%,98%,94%,6,44,230,1:21,2.61
MiCA-December-2024,MiCA,12/1/2024,94%,98%,95%,10,96,273,0:55,3.66
MnCA-December-2024,MnCA,12/1/2024,92%,95%,93%,1,32,135,1:03,0.74
NWCR-December-2024,NWCR,12/1/2024,95%,88%,93%,15,202,594,0:40,2.53
OCDC-December-2024,OCDC,12/1/2024,87%,97%,91%,8,93,381,0:55,2.10
OrE-December-2024,OrE,12/1/2024,97%,94%,96%,0,41,87,0:51,0.00
PRLV-December-2024,PRLV,12/1/2024,91%,97%,93%,9,0,165,1:57,5.45
SBH-December-2024,SBH,12/1/2024,81%,92%,85%,0,0,171,10:00,0.00
SDDC-December-2024,SDDC,12/1/2024,87%,95%,90%,4,42,555,0:47,0.72
SJCR-December-2024,SJCR,12/1/2024,88%,98%,92%,4,51,159,0:41,2.52
TR-December-2024,TR,12/1/2024,84%,96%,88%,2,78,217,1:00,0.92
AtCA-January-2024,AtCA,1/1/2024,0%,0%,0%,12,45,261,1:00,4.60
BC-January-2024,BC,1/1/2024,0%,0%,0%,0,43,393,1:45,0.00
CCA-January-2024,CCA,1/1/2024,0%,0%,0%,14,192,293,0:57,4.78
CLN-January-2024,CLN,1/1/2024,0%,0%,0%,0,41,0,0:00,0.00
CRLV-January-2024,CRLV,1/1/2024,0%,0%,0%,22,70,335,1:04,6.57
CRO-January-2024,CRO,1/1/2024,0%,0%,0%,2,12,91,1:03,2.20
DaCA-January-2024,DaCA,1/1/2024,0%,0%,0%,8,2,233,0:44,3.43
DCO-January-2024,DCO,1/1/2024,0%,0%,0%,22,162,714,2:10,3.08
DCR-January-2024,DCR,1/1/2024,0%,0%,0%,32,49,2366,0:54,1.35
DCT-January-2024,DCT,1/1/2024,0%,0%,0%,11,36,420,1:11,2.62
DDC-January-2024,DDC,1/1/2024,0%,0%,0%,8,45,586,0:47,1.37
DeCA-January-2024,DeCA,1/1/2024,0%,0%,0%,8,155,222,0:51,3.60
DVCSD-January-2024,DVCSD,1/1/2024,0%,0%,0%,78,117,711,3:28,10.97
HDC-January-2024,HDC,1/1/2024,0%,0%,0%,3,9,145,1:42,2.07
ICA-January-2024,ICA,1/1/2024,0%,0%,0%,9,69,173,1:38,5.20
KCA-January-2024,KCA,1/1/2024,0%,0%,0%,7,24,180,0:47,3.89
LADC-January-2024,LADC,1/1/2024,0%,0%,0%,0,257,658,0:37,0.00
LVCA-January-2024,LVCA,1/1/2024,0%,0%,0%,10,44,304,1:19,3.29
MiCA-January-2024,MiCA,1/1/2024,0%,0%,0%,11,96,316,0:47,3.48
MnCA-January-2024,MnCA,1/1/2024,0%,0%,0%,6,32,125,0:50,4.80
NWCR-January-2024,NWCR,1/1/2024,0%,0%,0%,85,202,916,0:56,9.28
OCDC-January-2024,OCDC,1/1/2024,0%,0%,0%,5,93,528,0:45,0.95
OrE-January-2024,OrE,1/1/2024,0%,0%,0%,0,41,45,0:37,0.00
PRLV-January-2024,PRLV,1/1/2024,0%,0%,0%,7,0,221,1:33,3.17
SBH-January-2024,SBH,1/1/2024,0%,0%,0%,0,0,0,0:00,0.00
SDDC-January-2024,SDDC,1/1/2024,0%,0%,0%,20,42,875,1:41,2.29
SJCR-January-2024,SJCR,1/1/2024,0%,0%,0%,9,51,169,0:52,5.33
TR-January-2024,TR,1/1/2024,0%,0%,0%,0,78,402,1:00,0.00
AtCA-January-2025,AtCA,1/1/2025,99%,96%,98%,9,44,166,1:48,5.42
BC-January-2025,BC,1/1/2025,92%,85%,90%,1,44,91,1:58,1.10
CCA-January-2025,CCA,1/1/2025,99%,90%,96%,12,197,249,1:10,4.82
CLN-January-2025,CLN,1/1/2025,96%,87%,93%,0,47,100,2:18,0.00
CRLV-January-2025,CRLV,1/1/2025,95%,92%,94%,13,65,178,1:39,7.30
CRO-January-2025,CRO,1/1/2025,93%,94%,93%,4,11,82,1:34,4.88
DaCA-January-2025,DaCA,1/1/2025,95%,91%,94%,5,3,245,0:57,2.04
DCO-January-2025,DCO,1/1/2025,97%,98%,97%,11,166,377,1:38,2.92
DCR-January-2025,DCR,1/1/2025,96%,93%,95%,28,50,1560,1:25,1.79
DCT-January-2025,DCT,1/1/2025,92%,96%,93%,16,31,367,1:19,4.36
DDC-January-2025,DDC,1/1/2025,97%,92%,95%,17,48,562,0:40,3.02
DeCA-January-2025,DeCA,1/1/2025,96%,93%,95%,6,159,215,0:57,2.79
DVCSD-January-2025,DVCSD,1/1/2025,97%,95%,96%,41,50,404,1:04,10.15
HDC-January-2025,HDC,1/1/2025,96%,94%,95%,5,8,137,1:32,3.65
ICA-January-2025,ICA,1/1/2025,98%,88%,95%,12,71,145,1:00,8.28
KCA-January-2025,KCA,1/1/2025,95%,94%,95%,8,23,164,1:09,4.88
LADC-January-2025,LADC,1/1/2025,98%,96%,97%,5,250,656,0:32,0.76
LVCA-January-2025,LVCA,1/1/2025,98%,94%,97%,13,47,280,1:17,4.64
MiCA-January-2025,MiCA,1/1/2025,93%,95%,94%,7,74,242,0:30,2.89
MnCA-January-2025,MnCA,1/1/2025,98%,94%,97%,5,37,89,1:13,5.62
NWCR-January-2025,NWCR,1/1/2025,99%,94%,97%,21,266,785,0:48,2.68
OCDC-January-2025,OCDC,1/1/2025,95%,88%,93%,4,89,431,0:42,0.93
OrE-January-2025,OrE,1/1/2025,96%,89%,94%,2,37,69,0:49,2.90
PRLV-January-2025,PRLV,1/1/2025,98%,93%,96%,9,1,179,1:41,5.03
SBH-January-2025,SBH,1/1/2025,94%,82%,90%,1,0,73,4:40,1.37
SDDC-January-2025,SDDC,1/1/2025,97%,89%,94%,10,42,702,1:40,1.42
SJCR-January-2025,SJCR,1/1/2025,98%,90%,95%,7,49,152,0:59,4.61
TR-January-2025,TR,1/1/2025,95%,94%,95%,4,83,259,0:54,1.54
AtCA-February-2024,AtCA,2/1/2024,0%,0%,0%,20,0,1680,0:08,1.19
BC-February-2024,BC,2/1/2024,0%,0%,0%,0,0,319,4:04,0.00
CCA-February-2024,CCA,2/1/2024,0%,0%,0%,27,0,899,0:28,3.00
CLN-February-2024,CLN,2/1/2024,0%,0%,0%,0,0,,0:00,0.00
CRLV-February-2024,CRLV,2/1/2024,0%,0%,0%,29,0,414,1:22,7.00
CRO-February-2024,CRO,2/1/2024,0%,0%,0%,2,0,90,1:03,2.22
DaCA-February-2024,DaCA,2/1/2024,0%,0%,0%,8,0,280,1:07,2.86
DCO-February-2024,DCO,2/1/2024,0%,0%,0%,16,0,662,1:18,2.42
DCR-February-2024,DCR,2/1/2024,0%,0%,0%,39,0,2660,1:06,1.47
DCT-February-2024,DCT,2/1/2024,0%,0%,0%,14,0,441,1:22,3.17
DDC-February-2024,DDC,2/1/2024,0%,0%,0%,31,0,679,1:11,4.57
DeCA-February-2024,DeCA,2/1/2024,0%,0%,0%,20,0,230,0:52,8.70
DVCSD-February-2024,DVCSD,2/1/2024,0%,0%,0%,82,0,491,0:57,16.70
HDC-February-2024,HDC,2/1/2024,0%,0%,0%,9,0,251,1:35,3.59
ICA-February-2024,ICA,2/1/2024,0%,0%,0%,13,0,216,1:17,6.02
KCA-February-2024,KCA,2/1/2024,0%,0%,0%,9,0,1188,0:12,0.76
LADC-February-2024,LADC,2/1/2024,0%,0%,0%,0,9,764,0:41,0.00
LVCA-February-2024,LVCA,2/1/2024,0%,0%,0%,15,0,578,1:14,2.60
MiCA-February-2024,MiCA,2/1/2024,0%,0%,0%,16,0,320,1:16,5.00
MnCA-February-2024,MnCA,2/1/2024,0%,0%,0%,2,0,632,1:10,0.32
NWCR-February-2024,NWCR,2/1/2024,0%,0%,0%,66,0,625,1:00,10.56
OCDC-February-2024,OCDC,2/1/2024,0%,0%,0%,16,0,667,0:59,2.40
OrE-February-2024,OrE,2/1/2024,0%,0%,0%,0,0,0,1:01,0.00
PRLV-February-2024,PRLV,2/1/2024,0%,0%,0%,7,0,902,1:20,0.78
SBH-February-2024,SBH,2/1/2024,0%,0%,0%,0,0,0,0:00,0.00
SDDC-February-2024,SDDC,2/1/2024,0%,0%,0%,15,0,971,1:05,1.54
SJCR-February-2024,SJCR,2/1/2024,0%,0%,0%,4,0,902,0:34,0.44
TR-February-2024,TR,2/1/2024,0%,0%,0%,3,0,747,0:31,0.40
AtCA-February-2025,AtCA,2/1/2025,91%,98%,93%,10,40,204,0:53,4.90
BC-February-2025,BC,2/1/2025,85%,92%,87%,3,34,71,2:00,4.23
CCA-February-2025,CCA,2/1/2025,95%,99%,96%,12,194,218,1:16,5.50
CLN-February-2025,CLN,2/1/2025,88%,96%,91%,2,61,85,3:49,2.35
CRLV-February-2025,CRLV,2/1/2025,92%,95%,93%,23,41,164,2:02,14.02
CRO-February-2025,CRO,2/1/2025,93%,91%,92%,1,19,139,0:53,0.72
DaCA-February-2025,DaCA,2/1/2025,92%,94%,93%,5,2,200,0:45,2.50
DCO-February-2025,DCO,2/1/2025,98%,98%,98%,11,185,440,2:28,2.50
DCR-February-2025,DCR,2/1/2025,94%,96%,95%,49,52,1795,1:03,2.73
DCT-February-2025,DCT,2/1/2025,98%,89%,95%,14,19,341,0:59,4.11
DDC-February-2025,DDC,2/1/2025,91%,94%,92%,7,45,604,0:55,1.16
DeCA-February-2025,DeCA,2/1/2025,93%,97%,94%,8,143,188,1:05,4.26
DVCSD-February-2025,DVCSD,2/1/2025,95%,97%,96%,37,49,385,0:55,9.61
HDC-February-2025,HDC,2/1/2025,90%,97%,92%,3,8,146,1:02,2.05
ICA-February-2025,ICA,2/1/2025,91%,99%,94%,3,66,143,0:57,2.10
KCA-February-2025,KCA,2/1/2025,93%,93%,93%,12,20,202,1:05,5.94
LADC-February-2025,LADC,2/1/2025,93%,96%,94%,17,249,588,0:43,2.89
LVCA-February-2025,LVCA,2/1/2025,90%,94%,91%,12,33,328,0:56,3.66
MiCA-February-2025,MiCA,2/1/2025,95%,98%,96%,7,72,251,1:08,2.79
MnCA-February-2025,MnCA,2/1/2025,94%,98%,95%,2,33,91,1:11,2.20
NWCR-February-2025,NWCR,2/1/2025,94%,99%,96%,26,287,808,0:46,3.22
OCDC-February-2025,OCDC,2/1/2025,94%,99%,96%,17,80,492,0:50,3.46
OrE-February-2025,OrE,2/1/2025,97%,98%,97%,0,27,74,0:51,0.00
PRLV-February-2025,PRLV,2/1/2025,95%,98%,96%,14,0,185,1:17,7.57
SBH-February-2025,SBH,2/1/2025,82%,94%,86%,0,0,45,0:32,0.00
SDDC-February-2025,SDDC,2/1/2025,89%,97%,92%,13,40,837,0:50,1.55
SJCR-February-2025,SJCR,2/1/2025,91%,100%,94%,5,40,178,0:36,2.81
TR-February-2025,TR,2/1/2025,94%,95%,94%,7,81,284,0:53,2.46
AtCA-March-2025,AtCA,3/1/2025,93%,100%,95%,22,52,286,1:18,7.69
BC-March-2025,BC,3/1/2025,84%,94%,88%,3,40,95,1:43,3.16
CCA-March-2025,CCA,3/1/2025,90%,98%,93%,34,196,371,1:28,9.16
CLN-March-2025,CLN,3/1/2025,92%,97%,94%,2,47,84,2:06,2.38
CRLV-March-2025,CRLV,3/1/2025,95%,95%,95%,22,66,282,1:21,7.80
CRO-March-2025,CRO,3/1/2025,96%,95%,96%,4,23,122,0:55,3.28
DaCA-March-2025,DaCA,3/1/2025,90%,98%,93%,13,3,323,0:39,4.02
DCO-March-2025,DCO,3/1/2025,99%,99%,99%,13,152,478,1:35,2.72
DCR-March-2025,DCR,3/1/2025,94%,98%,95%,86,54,2769,1:16,3.11
DCT-March-2025,DCT,3/1/2025,96%,83%,91%,17,32,403,1:09,4.22
DDC-March-2025,DDC,3/1/2025,93%,98%,95%,38,47,818,1:01,4.65
DeCA-March-2025,DeCA,3/1/2025,93%,95%,94%,15,150,323,1:03,4.64
HDC-March-2025,HDC,3/1/2025,88%,96%,91%,6,9,203,1:17,2.96
ICA-March-2025,ICA,3/1/2025,87%,99%,91%,10,71,307,0:46,3.26
KCA-March-2025,KCA,3/1/2025,83%,97%,88%,21,22,284,1:20,7.39
LADC-March-2025,LADC,3/1/2025,85%,96%,89%,27,276,616,0:33,4.38
MiCA-March-2025,MiCA,3/1/2025,90%,96%,92%,8,48,267,1:06,3.00
MnCA-March-2025,MnCA,3/1/2025,86%,98%,90%,9,26,158,1:38,5.70
NWCR-March-2025,NWCR,3/1/2025,96%,89%,94%,21,297,1112,0:47,1.89
OCDC-March-2025,OCDC,3/1/2025,96%,98%,97%,16,83,717,0:50,2.23
OrE-March-2025,OrE,3/1/2025,97%,92%,95%,0,20,47,1:14,0.00
PRLV-March-2025,PRLV,3/1/2025,89%,98%,92%,23,2,338,1:45,6.80
SBH-March-2025,SBH,3/1/2025,82%,94%,86%,2,3,80,0:00,2.50
SDDC-March-2025,SDDC,3/1/2025,92%,97%,94%,11,43,900,1:54,1.22
SJCR-March-2025,SJCR,3/1/2025,89%,99%,93%,15,54,281,0:56,5.34
TR-March-2025,TR,3/1/2025,94%,91%,93%,7,86,361,0:48,1.94
LVCA-March-2025,LVCA,3/1/2025,94%,98%,95%,19,37,312,1:32,6.09
AtCA-March-2024,AtCA,3/1/2024,0%,0%,0%,29,0,292,1:34,9.93
BC-March-2024,BC,3/1/2024,0%,0%,0%,4,0,421,4:51,0.95
CCA-March-2024,CCA,3/1/2024,0%,0%,0%,45,0,413,1:34,10.90
CLN-March-2024,CLN,3/1/2024,0%,0%,0%,0,0,10,3:59,0.00
CRLV-March-2024,CRLV,3/1/2024,0%,0%,0%,36,0,413,1:34,8.72
CRO-March-2024,CRO,3/1/2024,0%,0%,0%,0,0,91,1:04,0.00
DaCA-March-2024,DaCA,3/1/2024,0%,0%,0%,8,0,261,0:40,3.07
DCO-March-2024,DCO,3/1/2024,0%,0%,0%,18,0,775,2:38,2.32
DCR-March-2024,DCR,3/1/2024,0%,0%,0%,54,0,2982,1:22,1.81
DCT-March-2024,DCT,3/1/2024,0%,0%,0%,13,0,457,1:10,2.84
DDC-March-2024,DDC,3/1/2024,0%,0%,0%,32,0,827,1:01,3.87
DeCA-March-2024,DeCA,3/1/2024,0%,0%,0%,15,0,373,0:59,4.02
HDC-March-2024,HDC,3/1/2024,0%,0%,0%,8,0,242,1:03,3.31
ICA-March-2024,ICA,3/1/2024,0%,0%,0%,22,0,268,1:13,8.21
KCA-March-2024,KCA,3/1/2024,0%,0%,0%,5,0,296,1:20,1.69
LADC-March-2024,LADC,3/1/2024,0%,0%,0%,17,0,928,0:48,1.83
LVCA-March-2024,LVCA,3/1/2024,0%,0%,0%,10,0,573,1:12,1.75
MiCA-March-2024,MiCA,3/1/2024,0%,0%,0%,11,0,319,0:41,3.45
MnCA-March-2024,MnCA,3/1/2024,0%,0%,0%,1,0,157,1:01,0.64
NWCR-March-2024,NWCR,3/1/2024,0%,0%,0%,28,0,1039,0:54,2.69
OCDC-March-2024,OCDC,3/1/2024,0%,0%,0%,20,0,635,0:55,3.15
OrE-March-2024,OrE,3/1/2024,0%,0%,0%,1,0,52,1:21,1.92
PRLV-March-2024,PRLV,3/1/2024,0%,0%,0%,0,0,112,0:51,0.00
SBH-March-2024,SBH,3/1/2024,0%,0%,0%,0,0,0,0:00,0.00
SDDC-March-2024,SDDC,3/1/2024,0%,0%,0%,0,0,1065,0:56,0.00
SJCR-March-2024,SJCR,3/1/2024,0%,0%,0%,8,0,317,0:38,2.52
TR-March-2024,TR,3/1/2024,0%,0%,0%,12,0,602,1:07,1.99
DVCSD-March-2025,DVCSD,3/1/2025,91%,96%,93%,16,39,325,3:08,4.92
DVCSD-March-2024,DVCSD,3/1/2024,0%,0%,0%,21,0,430,2:42,4.88
MiCA-April-2025,MiCA,4/22/2025,94%,95%,94%,9,70,247,0:43,3.64
DaCA-April-2025,DaCA,4/22/2025,92%,99%,94%,8,3,300,0:55,2.67
HDC-April-2025,HDC,4/22/2025,88%,95%,90%,7,8,221,1:27,3.17
CRLV-April-2025,CRLV,4/22/2025,87%,87%,87%,12,71,222,1:26,5.41
DVCSD-April-2025,DVCSD,4/22/2025,56%,60%,57%,7,48,328,1:12,2.13
BC-April-2025,BC,4/22/2025,56%,60%,57%,0,31,76,1:44,0.00
CLN-April-2025,CLN,4/22/2025,57%,64%,59%,2,14,104,3:47,1.92
ICA-April-2025,ICA,4/22/2025,85%,99%,90%,1,59,179,1:33,0.56
DCT-April-2025,DCT,4/22/2025,99%,90%,96%,11,31,338,0:48,3.25
DeCA-April-2025,DeCA,4/22/2025,58%,66%,61%,26,135,256,1:10,10.16
SDDC-April-2025,SDDC,4/22/2025,96%,98%,97%,9,36,858,0:48,1.05
LADC-April-2025,LADC,4/22/2025,55%,57%,56%,11,295,638,0:48,1.72
NWCR-April-2025,NWCR,4/22/2025,95%,89%,93%,28,358,1080,0:47,2.59
LVCA-April-2025,LVCA,4/22/2025,93%,98%,95%,13,28,386,1:02,3.37
MnCA-April-2025,MnCA,4/22/2025,89%,94%,91%,8,53,155,0:55,5.16
DCR-April-2025,DCR,4/22/2025,94%,97%,95%,105,52,2765,1:05,3.80
DDC-April-2025,DDC,4/22/2025,95%,98%,96%,14,52,623,0:59,2.25
OrE-April-2025,OrE,4/22/2025,95%,96%,95%,0,5,52,0:50,0.00
OCDC-April-2025,OCDC,4/22/2025,99%,95%,98%,10,79,616,0:41,1.62
CRO-April-2025,CRO,4/22/2025,96%,97%,96%,1,35,86,0:40,1.16
SBH-April-2025,SBH,4/22/2025,89%,94%,91%,0,3,45,1:27,0.00
SJCR-April-2025,SJCR,4/22/2025,89%,99%,93%,5,39,218,0:38,2.29
PRLV-April-2025,PRLV,4/22/2025,91%,99%,94%,1,2,259,1:28,0.39
DCO-April-2025,DCO,4/22/2025,99%,99%,99%,10,178,512,1:10,1.95
CCA-April-2025,CCA,4/22/2025,93%,97%,94%,11,182,352,1:12,3.13
KCA-April-2025,KCA,4/22/2025,84%,97%,89%,4,29,185,0:58,2.16
TR-April-2025,TR,4/22/2025,94%,93%,94%,9,82,404,1:01,2.23
AtCA-April-2025,AtCA,4/22/2025,58%,67%,61%,6,45,211,2:06,2.84
SBH-April-2024,SBH,4/15/2024,0%,0%,0%,0,0,0,0:00,0.00
AtCA-May-2025,AtCA,5/22/2025,92%,95%,93%,15,48,230,1:13,6.52
BC-May-2025,BC,5/22/2025,95%,93%,94%,0,27,119,1:53,0.00
CCA-May-2025,CCA,5/22/2025,94%,97%,95%,18,181,376,1:24,4.79
CLN-May-2025,CLN,5/22/2025,90%,97%,92%,1,4,109,1:28,0.92
CRLV-May-2025,CRLV,5/22/2025,95%,85%,91%,14,60,207,0:56,6.76
CRO-May-2025,CRO,5/22/2025,96%,92%,95%,1,4,150,0:42,0.67
DaCA-May-2025,DaCA,5/22/2025,87%,97%,91%,5,2,324,0:46,1.54
DCO-May-2025,DCO,5/22/2025,99%,99%,99%,8,93,521,4:00,1.54
DCR-May-2025,DCR,5/22/2025,94%,97%,95%,114,51,3053,1:00,3.73
DCT-May-2025,DCT,5/22/2025,99%,87%,95%,4,31,370,1:03,1.08
DDC-May-2025,DDC,5/22/2025,95%,85%,91%,3,54,712,0:56,0.42
DeCA-May-2025,DeCA,5/22/2025,85%,97%,89%,28,132,331,1:39,8.46
DVCSD-May-2025,DVCSD,5/22/2025,86%,97%,90%,51,58,313,1:01,16.29
HDC-May-2025,HDC,5/22/2025,94%,96%,95%,8,9,226,0:54,3.54
ICA-May-2025,ICA,5/22/2025,95%,94%,95%,4,56,207,1:14,1.93
KCA-May-2025,KCA,5/22/2025,93%,92%,93%,9,31,200,1:37,4.50
LADC-May-2025,LADC,5/22/2025,95%,96%,95%,16,237,637,0:37,2.51
LVCA-May-2025,LVCA,5/22/2025,92%,97%,94%,16,36,420,1:15,3.81
MiCA-May-2025,MiCA,5/22/2025,92%,88%,91%,17,73,248,0:46,6.85
MnCA-May-2025,MnCA,5/22/2025,90%,97%,92%,3,38,146,0:47,2.05
NWCR-May-2025,NWCR,5/22/2025,95%,88%,93%,14,389,1236,0:49,1.13
OCDC-May-2025,OCDC,5/22/2025,99%,99%,99%,15,79,622,0:44,2.41
OrE-May-2025,OrE,5/22/2025,97%,99%,98%,0,5,69,1:39,0.00
PRLV-May-2025,PRLV,5/22/2025,90%,96%,92%,9,3,331,1:21,2.72
SBH-May-2025,SBH,5/22/2025,88%,94%,90%,0,2,59,1:14,0.00
SDDC-May-2025,SDDC,5/22/2025,95%,98%,96%,19,35,774,0:54,2.45
SJCR-May-2025,SJCR,5/22/2025,88%,99%,92%,7,38,230,0:53,3.04
TR-May-2025,TR,5/22/2025,93%,90%,92%,4,57,415,0:49,0.96
SBH-May-2024,SBH,5/22/2024,0%,0%,0%,0,0,0,0:00,0.00
AtCA-June-2025,AtCA,6/22/2025,93%,98%,95%,11,18,142,1:34,7.75
BC-June-2025,BC,6/22/2025,80%,91%,84%,7,33,104,1:43,6.73
CCA-June-2025,CCA,6/22/2025,92%,93%,92%,19,196,297,1:07,6.40
CLN-June-2025,CLN,6/22/2025,89%,97%,92%,2,2,141,2:02,1.42
CRLV-June-2025,CRLV,6/22/2025,92%,87%,90%,20,47,278,0:49,7.19
CRO-June-2025,CRO,6/22/2025,96%,96%,96%,3,9,110,0:50,2.73
DaCA-June-2025,DaCA,6/22/2025,91%,97%,93%,10,3,282,0:38,3.55
DCO-June-2025,DCO,6/22/2025,99%,98%,99%,15,122,448,1:07,3.35
DCR-June-2025,DCR,6/22/2025,94%,97%,95%,115,53,2539,1:06,4.53
DCT-June-2025,DCT,6/22/2025,99%,84%,94%,6,32,273,0:32,2.20
DDC-June-2025,DDC,6/22/2025,98%,97%,98%,13,56,686,0:50,1.90
DeCA-June-2025,DeCA,6/22/2025,85%,96%,89%,14,103,197,1:27,7.11
DVCSD-June-2025,DVCSD,6/22/2025,91%,98%,93%,68,40,432,0:45,15.74
HDC-June-2025,HDC,6/22/2025,94%,93%,94%,9,10,216,0:43,4.17
ICA-June-2025,ICA,6/22/2025,85%,99%,90%,7,58,197,1:48,3.55
KCA-June-2025,KCA,6/22/2025,94%,94%,94%,13,30,195,1:11,6.67
LADC-June-2025,LADC,6/22/2025,86%,86%,86%,16,210,630,0:31,2.54
LVCA-June-2025,LVCA,6/22/2025,91%,98%,93%,10,41,325,1:07,3.08
MiCA-June-2025,MiCA,6/22/2025,91%,97%,93%,6,70,212,0:47,2.83
MnCA-June-2025,MnCA,6/22/2025,89%,98%,92%,3,36,168,0:57,1.79
NWCR-June-2025,NWCR,6/22/2025,95%,97%,96%,39,377,957,0:58,4.08
OCDC-June-2025,OCDC,6/22/2025,100%,97%,99%,22,87,632,0:51,3.48
OrE-June-2025,OrE,6/22/2025,97%,98%,97%,0,4,55,0:47,0.00
PRLV-June-2025,PRLV,6/22/2025,96%,97%,96%,12,10,266,1:15,4.51
SBH-June-2025,SBH,6/22/2025,92%,93%,92%,1,2,73,0:53,1.37
SDDC-June-2025,SDDC,6/22/2025,96%,99%,97%,14,58,878,0:54,1.59
SJCR-June-2025,SJCR,6/22/2025,90%,99%,93%,10,37,197,0:42,5.08
TR-June-2025,TR,6/22/2025,90%,96%,92%,8,63,378,0:50,2.12
AtCA-July-2025,AtCA,7/22/2025,94%,99%,96%,11,76,214,2:06,5.14
BC-July-2025,BC,7/22/2025,85%,96%,89%,4,24,123,1:34,3.25
CCA-July-2025,CCA,7/22/2025,90%,98%,93%,26,191,290,1:26,8.97
CLN-July-2025,CLN,7/22/2025,90%,98%,93%,4,24,103,1:11,3.88
CRLV-July-2025,CRLV,7/22/2025,95%,97%,96%,17,27,224,1:14,7.59
CRO-July-2025,CRO,7/22/2025,94%,96%,95%,2,2,122,0:33,1.64
DaCA-July-2025,DaCA,7/22/2025,92%,93%,92%,2,2,256,0:46,0.78
DCO-July-2025,DCO,7/22/2025,94%,98%,95%,14,118,390,1:09,3.59
DCR-July-2025,DCR,7/22/2025,93%,96%,94%,103,51,2233,1:09,4.61
DCT-July-2025,DCT,7/22/2025,98%,98%,98%,10,22,309,0:59,3.24
DDC-July-2025,DDC,7/22/2025,97%,99%,98%,4,37,512,0:50,0.78
DeCA-July-2025,DeCA,7/22/2025,95%,97%,96%,14,92,204,1:08,6.86
DVCSD-July-2025,DVCSD,7/22/2025,91%,98%,93%,64,36,405,1:05,15.80
HDC-July-2025,HDC,7/22/2025,90%,97%,92%,4,10,230,1:08,1.74
ICA-July-2025,ICA,7/22/2025,93%,99%,95%,13,63,181,1:04,7.18
KCA-July-2025,KCA,7/22/2025,93%,98%,95%,9,18,188,1:01,4.79
LADC-July-2025,LADC,7/22/2025,98%,87%,94%,20,191,519,0:38,3.85
LVCA-July-2025,LVCA,7/22/2025,95%,95%,95%,11,22,356,1:08,3.09
MiCA-July-2025,MiCA,7/22/2025,92%,95%,93%,11,57,170,0:56,6.47
MnCA-July-2025,MnCA,7/22/2025,95%,99%,96%,6,31,129,1:22,4.65
NWCR-July-2025,NWCR,7/22/2025,95%,98%,96%,67,266,997,0:53,6.72
OCDC-July-2025,OCDC,7/22/2025,99%,96%,98%,15,59,515,0:41,2.91
OrE-July-2025,OrE,7/22/2025,96%,95%,96%,1,10,57,0:51,1.75
PRLV-July-2025,PRLV,7/22/2025,94%,98%,95%,16,9,295,1:25,5.42
SBH-July-2025,SBH,7/22/2025,91%,92%,91%,2,2,85,1:25,2.35
SDDC-July-2025,SDDC,7/22/2025,96%,99%,97%,15,56,737,0:56,2.04
SJCR-July-2025,SJCR,7/22/2025,97%,99%,98%,14,38,190,0:51,7.37
TR-July-2025,TR,7/22/2025,93%,98%,95%,10,68,46,0:46,21.74
AtCA-August-2025,AtCA,8/22/2025,90%,97%,92%,28,99,224,1:45,12.50
BC-August-2025,BC,8/22/2025,92%,93%,92%,5,26,97,1:24,5.15
CCA-August-2025,CCA,8/22/2025,87%,99%,91%,12,185,269,1:07,4.46
CLN-August-2025,CLN,8/22/2025,94%,99%,96%,2,20,114,2:42,1.75
CRLV-August-2025,CRLV,8/22/2025,91%,96%,93%,17,21,186,1:37,9.14
CRO-August-2025,CRO,8/22/2025,96%,95%,96%,2,3,101,0:22,1.98
DaCA-August-2025,DaCA,8/22/2025,89%,93%,90%,4,6,291,1:44,1.37
DCO-August-2025,DCO,8/22/2025,99%,100%,99%,6,112,422,2:42,1.42
DCR-August-2025,DCR,8/22/2025,94%,95%,94%,89,38,2224,1:25,4.00
DCT-August-2025,DCT,8/22/2025,100%,99%,100%,7,18,274,2:09,2.55
DDC-August-2025,DDC,8/22/2025,90%,98%,93%,21,32,626,0:54,3.35
DeCA-August-2025,DeCA,8/22/2025,90%,98%,93%,19,126,270,1:08,7.04
DVCSD-August-2025,DVCSD,8/22/2025,92%,98%,94%,71,46,418,2:51,16.99
HDC-August-2025,HDC,8/22/2025,98%,99%,98%,8,12,240,1:00,3.33
ICA-August-2025,ICA,8/22/2025,90%,98%,93%,24,66,211,1:07,11.37
KCA-August-2025,KCA,8/22/2025,94%,93%,94%,9,21,251,2:18,3.59
LADC-August-2025,LADC,8/22/2025,93%,98%,95%,20,159,548,3:27,3.65
LVCA-August-2025,LVCA,8/22/2025,91%,99%,94%,7,26,295,1:02,2.37
MiCA-August-2025,MiCA,8/22/2025,93%,99%,95%,13,59,195,0:55,6.67
MnCA-August-2025,MnCA,8/22/2025,91%,98%,93%,7,17,153,0:58,4.58
NWCR-August-2025,NWCR,8/22/2025,95%,88%,93%,61,295,932,0:48,6.55
OCDC-August-2025,OCDC,8/22/2025,99%,95%,98%,17,45,491,0:51,3.46
OrE-August-2025,OrE,8/22/2025,95%,96%,95%,0,12,39,0:22,0.00
PRLV-August-2025,PRLV,8/22/2025,92%,97%,94%,10,10,272,1:54,3.68
SBH-August-2025,SBH,8/22/2025,66%,72%,68%,1,2,79,1:15,1.27
SDDC-August-2025,SDDC,8/22/2025,96%,99%,97%,5,69,731,2:27,0.68
SJCR-August-2025,SJCR,8/22/2025,94%,98%,95%,10,38,164,0:43,6.10
TR-August-2025,TR,8/22/2025,91%,98%,93%,12,72,351,1:38,3.42
AtCA-September-2025,AtCA,9/1/2025,94%,99%,96%,15,114,300,0:30,5.00
BC-September-2025,BC,9/1/2025,85%,96%,89%,4,36,180,0:38,2.22
CCA-September-2025,CCA,9/1/2025,90%,98%,93%,18,188,244,1:13,7.38
CLN-September-2025,CLN,9/1/2025,90%,98%,93%,4,22,70,2:50,5.71
CRLV-September-2025,CRLV,9/1/2025,95%,97%,96%,11,19,135,1:43,8.15
CRO-September-2025,CRO,9/1/2025,94%,96%,95%,2,4,100,0:38,2.00
DaCA-September-2025,DaCA,9/1/2025,92%,93%,92%,6,8,232,0:44,2.59
DCO-September-2025,DCO,9/1/2025,94%,98%,95%,9,153,390,1:50,2.31
DCR-September-2025,DCR,9/1/2025,93%,96%,94%,78,33,2079,1:04,3.75
DCT-September-2025,DCT,9/1/2025,98%,98%,98%,8,15,226,1:23,3.54
DDC-September-2025,DDC,9/1/2025,97%,99%,98%,11,35,415,0:46,2.65
DeCA-September-2025,DeCA,9/1/2025,95%,97%,96%,13,98,268,1:32,4.85
DVCSD-September-2025,DVCSD,9/1/2025,91%,98%,93%,70,64,300,0:53,23.33
HDC-September-2025,HDC,9/1/2025,90%,97%,92%,6,10,205,0:46,2.93
ICA-September-2025,ICA,9/1/2025,93%,99%,95%,19,74,196,1:11,9.69
KCA-September-2025,KCA,9/1/2025,93%,98%,95%,7,12,206,0:51,3.40
LADC-September-2025,LADC,9/1/2025,98%,87%,94%,20,152,573,0:49,3.49
LVCA-September-2025,LVCA,9/1/2025,95%,95%,95%,23,17,239,0:32,9.62
MiCA-September-2025,MiCA,9/1/2025,92%,95%,93%,21,58,247,0:55,8.50
MnCA-September-2025,MnCA,9/1/2025,95%,99%,96%,6,28,117,0:35,5.13
NWCR-September-2025,NWCR,9/1/2025,95%,98%,96%,82,222,641,1:03,12.79
OCDC-September-2025,OCDC,9/1/2025,99%,96%,98%,12,49,417,0:51,2.88
OrE-September-2025,OrE,9/1/2025,96%,95%,96%,1,12,58,0:26,1.72
PRLV-September-2025,PRLV,9/1/2025,94%,98%,95%,14,8,241,1:23,5.81
SBH-September-2025,SBH,9/1/2025,91%,92%,91%,1,2,67,1:01,1.49
SDDC-September-2025,SDDC,9/1/2025,96%,99%,97%,11,86,650,1:02,1.69
SJCR-September-2025,SJCR,9/1/2025,97%,99%,98%,12,47,192,0:39,6.25
TR-September-2025,TR,9/1/2025,93%,98%,95%,8,64,285,0:48,2.81
CRC-September-2025,CRC,9/1/2025,56%,60%,57%,0,11,196,17:01,0.00
CRC-August-2025,CRC,8/22/2025,56%,60%,57%,0,4,36,1:58,0.00
CRC-September-2024,CRC,9/1/2024,0%,0%,0%,0,0,0,0:00,0.00
AtCA-October-2025,AtCA,10/22/2025,92%,99%,94%,20,91,392,0:34,5.10
BC-October-2025,BC,10/22/2025,85%,96%,89%,2,33,160,0:18,1.25
CCA-October-2025,CCA,10/22/2025,93%,98%,95%,19,170,241,0:56,7.88
CCS-October-2025,CCS,10/22/2025,94%,96%,95%,0,0,135,0:23,0.00
CLN-October-2025,CLN,10/22/2025,90%,97%,92%,2,21,53,0:23,3.77
CRC-October-2025,CRC,10/22/2025,90%,90%,90%,1,18,182,26:12,0.55
CRLV-October-2025,CRLV,10/22/2025,99%,97%,98%,15,13,150,2:39,10.00
CRO-October-2025,CRO,10/22/2025,94%,96%,95%,3,3,90,0:31,3.33
DaCA-October-2025,DaCA,10/22/2025,94%,96%,95%,3,8,240,1:58,1.25
DCO-October-2025,DCO,10/22/2025,95%,97%,96%,8,144,396,1:50,2.02
DCR-October-2025,DCR,10/22/2025,95%,93%,94%,55,34,1531,0:59,3.59
DCT-October-2025,DCT,10/22/2025,98%,98%,98%,10,24,233,1:56,4.29
DDC-October-2025,DDC,10/22/2025,97%,99%,98%,10,34,765,0:21,1.31
DeCA-October-2025,DeCA,10/22/2025,90%,97%,92%,12,93,235,1:28,5.11
DVCSD-October-2025,DVCSD,10/22/2025,90%,98%,93%,67,29,232,1:21,28.88
HDC-October-2025,HDC,10/22/2025,93%,98%,95%,3,14,193,0:32,1.55
ICA-October-2025,ICA,10/22/2025,93%,99%,95%,14,74,329,0:23,4.26
KCA-October-2025,KCA,10/22/2025,97%,99%,98%,12,20,525,0:29,2.29
LADC-October-2025,LADC,10/22/2025,90%,98%,93%,17,137,644,0:41,2.64
LVCA-October-2025,LVCA,10/22/2025,92%,98%,94%,12,22,223,1:00,5.38
MiCA-October-2025,MiCA,10/22/2025,90%,98%,93%,18,67,255,0:43,7.06
MnCA-October-2025,MnCA,10/22/2025,95%,99%,96%,8,26,99,1:27,8.08
NWCR-October-2025,NWCR,10/22/2025,76%,80%,77%,47,227,602,1:00,7.81
OCDC-October-2025,OCDC,10/22/2025,92%,97%,94%,22,84,378,0:52,5.82
OrE-October-2025,OrE,10/22/2025,90%,98%,93%,1,10,105,0:18,0.95
PRLV-October-2025,PRLV,10/22/2025,91%,99%,94%,12,4,309,0:32,3.88
SBH-October-2025,SBH,10/22/2025,91%,92%,91%,3,2,71,1:11,4.23
SDDC-October-2025,SDDC,10/22/2025,80%,95%,85%,16,93,559,1:23,2.86
SJCR-October-2025,SJCR,10/22/2025,97%,99%,98%,7,39,327,0:29,2.14
TR-October-2025,TR,10/22/2025,93%,98%,95%,4,53,264,1:28,1.52
CCS-October-2024,CCS,10/22/2024,0%,0%,0%,0,0,103,5:07,0.00
CCS-September-2025,CCS,9/22/2025,0%,0%,0%,0,0,0,0:00,0.00
AtCA-November-2025,AtCA,11/28/2025,93%,99%,95%,10,112,312,0:36,3.21
BC-November-2025,BC,11/28/2025,85%,96%,89%,2,33,326,0:16,0.61
CCA-November-2025,CCA,11/28/2025,86%,97%,90%,5,167,201,1:37,2.49
CCS-November-2025,CCS,11/28/2025,72%,93%,79%,0,3,11,1:42,0.00
CLN-November-2025,CLN,11/28/2025,90%,98%,93%,0,22,170,0:38,0.00
CRC-November-2025,CRC,11/28/2025,90%,90%,90%,1,11,77,0:00,1.30
CRLV-November-2025,CRLV,11/28/2025,99%,97%,98%,13,16,151,1:00,8.61
CRO-November-2025,CRO,11/28/2025,99%,99%,99%,1,6,86,0:15,1.16
DaCA-November-2025,DaCA,11/28/2025,85%,96%,89%,4,12,488,0:11,0.82
DCO-November-2025,DCO,11/28/2025,93%,98%,95%,12,141,468,0:52,2.56
DCR-November-2025,DCR,11/28/2025,93%,97%,94%,20,44,1708,0:42,1.17
DCT-November-2025,DCT,11/28/2025,91%,98%,93%,7,20,195,0:35,3.59
DDC-November-2025,DDC,11/28/2025,97%,99%,98%,8,15,239,0:30,3.35
DeCA-November-2025,DeCA,11/28/2025,90%,99%,93%,10,101,296,0:21,3.38
DVCSD-November-2025,DVCSD,11/28/2025,90%,97%,92%,45,18,316,0:59,14.24
HDC-November-2025,HDC,11/28/2025,86%,96%,90%,3,14,214,0:45,1.40
ICA-November-2025,ICA,11/28/2025,89%,100%,93%,5,81,285,0:38,1.75
KCA-November-2025,KCA,11/28/2025,98%,98%,98%,8,11,265,0:11,3.02
LADC-November-2025,LADC,11/28/2025,89%,95%,91%,9,116,420,0:21,2.14
LVCA-November-2025,LVCA,11/28/2025,92%,98%,94%,7,18,269,0:18,2.60
MiCA-November-2025,MiCA,11/28/2025,90%,99%,93%,5,2,385,0:25,1.30
MnCA-November-2025,MnCA,11/28/2025,87%,97%,91%,3,35,111,0:23,2.70
NWCR-November-2025,NWCR,11/28/2025,77%,84%,79%,36,275,641,0:32,5.62
OCDC-November-2025,OCDC,11/28/2025,96%,97%,96%,7,57,516,0:23,1.36
OrE-November-2025,OrE,11/28/2025,91%,99%,94%,0,10,117,0:46,0.00
PRLV-November-2025,PRLV,11/28/2025,92%,99%,94%,14,3,154,0:37,9.09
SBH-November-2025,SBH,11/28/2025,70%,74%,71%,3,2,55,1:15,5.45
SDDC-November-2025,SDDC,11/28/2025,81%,96%,86%,11,96,589,0:38,1.87
SJCR-November-2025,SJCR,11/28/2025,92%,99%,94%,5,49,167,0:25,2.99
TR-November-2025,TR,11/28/2025,90%,98%,93%,2,43,166,0:32,1.20
AtCA-December-2025,AtCA,12/22/2025,90%,99%,93%,3,22,120,0:25,2.50
BC-December-2025,BC,12/22/2025,74%,75%,74%,0,31,217,0:15,0.00
CCA-December-2025,CCA,12/22/2025,60%,95%,72%,10,138,131,0:30,7.63
CCS-December-2025,CCS,12/22/2025,87%,96%,90%,1,6,1,0:00,100.00
CLN-December-2025,CLN,12/22/2025,90%,97%,92%,1,30,91,0:11,1.10
CRC-December-2025,CRC,12/22/2025,90%,90%,90%,1,12,16,0:54,6.25
CRLV-December-2025,CRLV,12/22/2025,66%,92%,75%,10,2,19,1:17,52.63
CRO-December-2025,CRO,12/22/2025,91%,93%,92%,0,0,66,0:28,0.00
DaCA-December-2025,DaCA,12/22/2025,89%,94%,91%,2,13,137,0:28,1.46
DCO-December-2025,DCO,12/22/2025,95%,98%,96%,6,123,291,0:42,2.06
DCR-December-2025,DCR,12/22/2025,94%,97%,95%,32,28,587,0:43,5.45
DCT-December-2025,DCT,12/22/2025,98%,99%,98%,30,23,67,0:26,44.78
DDC-December-2025,DDC,12/22/2025,89%,81%,86%,3,11,222,0:17,1.35
DeCA-December-2025,DeCA,12/22/2025,88%,88%,88%,9,99,206,0:27,4.37
DVCSD-December-2025,DVCSD,12/22/2025,89%,100%,93%,71,10,103,0:39,68.93
HDC-December-2025,HDC,12/22/2025,86%,98%,90%,10,10,118,0:23,8.47
ICA-December-2025,ICA,12/22/2025,88%,96%,91%,5,68,267,0:13,1.87
KCA-December-2025,KCA,12/22/2025,96%,99%,97%,2,6,344,0:07,0.58
LADC-December-2025,LADC,12/22/2025,85%,87%,86%,7,91,228,0:27,3.07
LVCA-December-2025,LVCA,12/22/2025,90%,96%,92%,3,21,168,0:25,1.79
MiCA-December-2025,MiCA,12/22/2025,84%,96%,88%,9,38,222,1:13,4.05
MnCA-December-2025,MnCA,12/22/2025,81%,92%,85%,1,44,40,0:32,2.50
NWCR-December-2025,NWCR,12/22/2025,66%,83%,72%,35,104,1233,0:27,2.84
OCDC-December-2025,OCDC,12/22/2025,96%,98%,97%,5,39,188,0:49,2.66
OrE-December-2025,OrE,12/22/2025,79%,95%,85%,0,17,96,0:10,0.00
PRLV-December-2025,PRLV,12/22/2025,91%,95%,92%,5,0,197,0:20,2.54
SBH-December-2025,SBH,12/22/2025,70%,74%,71%,1,2,52,0:51,1.92
SDDC-December-2025,SDDC,12/22/2025,84%,84%,84%,8,96,403,0:47,1.99
SJCR-December-2025,SJCR,12/22/2025,89%,95%,91%,5,54,272,0:39,1.84
TR-December-2025,TR,12/22/2025,90%,98%,93%,0,38,134,0:22,0.00
AtCA-January-2026,AtCA,1/22/2026,99%,89%,96%,17,105,354,0:33,4.80
BC-January-2026,BC,1/22/2026,75%,74%,75%,1,31,146,0:18,0.68
CCA-January-2026,CCA,1/22/2026,99%,87%,95%,11,149,165,0:46,6.67
CCS-January-2026,CCS,1/22/2026,95%,85%,91%,1,8,137,0:23,0.73
CLN-January-2026,CLN,1/22/2026,97%,89%,94%,1,15,36,1:06,2.78
CRC-January-2026,CRC,1/22/2026,56%,56%,56%,1,2,37,1:22,2.70
CRLV-January-2026,CRLV,1/22/2026,92%,66%,83%,11,19,142,2:38,7.75
CRO-January-2026,CRO,1/22/2026,93%,91%,92%,0,12,125,0:27,0.00
DaCA-January-2026,DaCA,1/22/2026,94%,89%,92%,1,12,146,0:24,0.68
DCO-January-2026,DCO,1/22/2026,97%,93%,96%,12,143,539,0:53,2.23
DCR-January-2026,DCR,1/22/2026,94%,92%,93%,25,36,1242,0:54,2.01
DCT-January-2026,DCT,1/22/2026,99%,97%,98%,4,18,136,3:41,2.94
DDC-January-2026,DDC,1/22/2026,100%,96%,99%,6,6,354,1:42,1.69
DeCA-January-2026,DeCA,1/22/2026,89%,90%,89%,5,98,260,0:16,1.92
DVCSD-January-2026,DVCSD,1/22/2026,100%,89%,96%,71,46,170,0:22,41.76
HDC-January-2026,HDC,1/22/2026,97%,94%,96%,2,10,122,0:40,1.64
ICA-January-2026,ICA,1/22/2026,96%,88%,93%,13,71,314,0:30,4.14
KCA-January-2026,KCA,1/22/2026,99%,96%,98%,5,11,363,0:09,1.38
LADC-January-2026,LADC,1/22/2026,89%,71%,83%,6,111,444,1:00,1.35
LVCA-January-2026,LVCA,1/22/2026,97%,91%,95%,12,17,277,0:19,4.33
MiCA-January-2026,MiCA,1/22/2026,99%,93%,97%,18,48,229,0:37,7.86
MnCA-January-2026,MnCA,1/22/2026,92%,81%,88%,2,55,54,0:52,3.70
NWCR-January-2026,NWCR,1/22/2026,96%,86%,93%,61,113,1304,0:30,4.68
OCDC-January-2026,OCDC,1/22/2026,98%,96%,97%,17,55,263,2:50,6.46
OrE-January-2026,OrE,1/22/2026,98%,93%,96%,0,8,49,0:29,0.00
PRLV-January-2026,PRLV,1/22/2026,100%,91%,97%,5,0,199,0:20,2.51
SBH-January-2026,SBH,1/22/2026,93%,91%,92%,3,3,92,1:04,3.26
SDDC-January-2026,SDDC,1/22/2026,55%,55%,55%,19,137,543,0:59,3.50
SJCR-January-2026,SJCR,1/22/2026,95%,89%,93%,8,48,250,0:14,3.20
TR-January-2026,TR,1/22/2026,97%,89%,94%,2,36,202,0:40,0.99
AtCA-February-2026,AtCA,2/1/2026,90%,99%,93%,14,120,216,0:50,6.48
BC-February-2026,BC,2/1/2026,79%,77%,78%,1,26,92,0:21,1.09
CCA-February-2026,CCA,2/1/2026,88%,97%,91%,15,143,141,1:02,10.64
CCS-February-2026,CCS,2/1/2026,86%,96%,90%,3,8,165,0:39,1.82
CLN-February-2026,CLN,2/1/2026,90%,98%,93%,0,5,45,0:40,0.00
CRC-February-2026,CRC,2/1/2026,55%,56%,55%,2,8,34,0:17,5.88
CRLV-February-2026,CRLV,2/1/2026,97%,88%,94%,15,34,108,1:02,13.89
CRO-February-2026,CRO,2/1/2026,96%,79%,90%,1,14,102,0:49,0.98
DaCA-February-2026,DaCA,2/1/2026,85%,95%,89%,4,15,131,0:47,3.05
DCO-February-2026,DCO,2/1/2026,94%,87%,92%,12,14,461,0:55,2.60
DCR-February-2026,DCR,2/1/2026,95%,95%,95%,39,43,1648,1:02,2.37
DCT-February-2026,DCT,2/1/2026,95%,97%,96%,7,11,139,0:54,5.04
DDC-February-2026,DDC,2/1/2026,100%,77%,92%,3,4,218,0:40,1.38
DeCA-February-2026,DeCA,2/1/2026,94%,89%,92%,7,86,198,0:26,3.54
DVCSD-February-2026,DVCSD,2/1/2026,94%,98%,95%,71,55,215,0:57,33.02
HDC-February-2026,HDC,2/1/2026,92%,95%,93%,6,9,63,0:38,9.52
ICA-February-2026,ICA,2/1/2026,88%,75%,83%,16,79,214,1:02,7.48
KCA-February-2026,KCA,2/1/2026,95%,96%,95%,2,9,156,0:19,1.28
LADC-February-2026,LADC,2/1/2026,67%,91%,75%,11,81,697,0:42,1.58
LVCA-February-2026,LVCA,2/1/2026,82%,93%,86%,7,13,190,3:18,3.68
MiCA-February-2026,MiCA,2/1/2026,90%,98%,93%,9,62,212,0:36,4.25
MnCA-February-2026,MnCA,2/1/2026,88%,94%,90%,2,45,63,0:51,3.17
NWCR-February-2026,NWCR,2/1/2026,84%,95%,88%,50,136,924,0:37,5.41
OCDC-February-2026,OCDC,2/1/2026,97%,99%,98%,15,103,347,3:26,4.32
OrE-February-2026,OrE,2/1/2026,90%,98%,93%,1,28,58,0:24,1.72
PRLV-February-2026,PRLV,2/1/2026,78%,96%,84%,12,0,134,0:50,8.96
SBH-February-2026,SBH,2/1/2026,56%,64%,59%,1,5,154,1:09,0.65
SDDC-February-2026,SDDC,2/1/2026,94%,97%,95%,10,172,428,0:41,2.34
SJCR-February-2026,SJCR,2/1/2026,81%,91%,85%,4,31,153,0:25,2.61
TR-February-2026,TR,2/1/2026,90%,96%,92%,2,34,140,0:29,1.43
SOA-February-2026,SOA,2/1/2026,95%,99%,96%,0,127,1708,4:04,0.00
SOA-January-2026,SOA,1/1/2026,0%,0%,0%,0,131,1359,0:54,0.00
SOA-February-2025,SOA,2/1/2025,0%,0%,0%,0,0,2930,0:51,0.00
AtCA-March-2026,AtCA,3/22/2026,,,0%,,,309,1:52,0.00
BC-March-2026,BC,3/22/2026,,,0%,,,133,0:43,0.00
CCA-March-2026,CCA,3/22/2026,,,0%,,,266,1:06,0.00
CCS-March-2026,CCS,3/22/2026,,,0%,,,,,0.00
CLN-March-2026,CLN,3/22/2026,,,0%,,,72,0:08,0.00
CRC-March-2026,CRC,3/22/2026,,,0%,,,,,0.00
CRLV-March-2026,CRLV,3/22/2026,,,0%,,,182,2:13,0.00
CRO-March-2026,CRO,3/22/2026,,,0%,,,154,0:58,0.00
DaCA-March-2026,DaCA,3/22/2026,,,0%,,,516,0:13,0.00
DCO-March-2026,DCO,3/22/2026,,,0%,,,801,1:08,0.00
DCR-March-2026,DCR,3/22/2026,,,0%,,,2287,0:56,0.00
DCT-March-2026,DCT,3/22/2026,,,0%,,,208,,0.00
DDC-March-2026,DDC,3/22/2026,,,0%,,,,,0.00
DeCA-March-2026,DeCA,3/22/2026,,,0%,,,,,0.00
DVCSD-March-2026,DVCSD,3/22/2026,,,0%,,,,,0.00
HDC-March-2026,HDC,3/22/2026,,,0%,,,,,0.00
ICA-March-2026,ICA,3/22/2026,,,0%,,,,,0.00
KCA-March-2026,KCA,3/22/2026,,,0%,,,,,0.00
LADC-March-2026,LADC,3/22/2026,,,0%,,,,,0.00
LVCA-March-2026,LVCA,3/22/2026,,,0%,,,,,0.00
MiCA-March-2026,MiCA,3/22/2026,,,0%,,,,,0.00
MnCA-March-2026,MnCA,3/22/2026,,,0%,,,,,0.00
NWCR-March-2026,NWCR,3/22/2026,,,0%,,,,,0.00
OCDC-March-2026,OCDC,3/22/2026,,,0%,,,,,0.00
OrE-March-2026,OrE,3/22/2026,,,0%,,,,,0.00
PRLV-March-2026,PRLV,3/22/2026,,,0%,,,,,0.00
SBH-March-2026,SBH,3/22/2026,,,0%,,,,,0.00
SDDC-March-2026,SDDC,3/22/2026,,,0%,,,,,0.00
SJCR-March-2026,SJCR,3/22/2026,,,0%,,,,,0.00
SOA-March-2026,SOA,3/22/2026,,,0%,,,,,0.00
TR-March-2026,TR,3/22/2026,,,0%,,,,,0.00